{"std.pitch":{"0":67,"1":0,"2":0,"3":82,"4":75,"5":63,"6":60,"7":72,"8":82,"9":75,"10":72,"11":75,"12":79,"13":72,"14":79,"15":75,"16":72,"17":75,"18":82,"19":72,"20":82,"21":75,"22":72,"23":79,"24":75,"25":72,"26":79,"27":75,"28":72,"29":82,"30":56,"31":75,"32":60,"33":63,"34":72,"35":82,"36":75,"37":72,"38":75,"39":79,"40":72,"41":79,"42":75,"43":72,"44":82,"45":75,"46":84,"47":79,"48":72,"49":75,"50":72,"51":68,"52":60,"53":56,"54":53,"55":67,"56":68,"57":67,"58":68,"59":79,"60":67,"61":68,"62":53,"63":56,"64":75,"65":60,"66":67,"67":68,"68":60,"69":75,"70":56,"71":53,"72":55,"73":74,"74":67,"75":62,"76":72,"77":74,"78":60,"79":72,"80":74,"81":72,"82":74,"83":75,"84":67,"85":63,"86":60,"87":75,"88":63,"89":67,"90":60,"91":77,"92":58,"93":65,"94":62,"95":77,"96":58,"97":65,"98":62},"std.start":{"0":0.0,"1":0.0,"2":0.0,"3":0.0333333333,"4":0.0333333333,"5":0.04375,"6":0.0552083333,"7":0.3,"8":0.565625,"9":0.565625,"10":0.8229166667,"11":1.0770833333,"12":1.0875,"13":1.353125,"14":1.609375,"15":1.609375,"16":1.8760416667,"17":2.1239583333,"18":2.134375,"19":2.4020833333,"20":2.6583333333,"21":2.6583333333,"22":2.9145833333,"23":3.1822916667,"24":3.1822916667,"25":3.4385416667,"26":3.6947916667,"27":3.6947916667,"28":3.9645833333,"29":4.2239583333,"30":4.2239583333,"31":4.234375,"32":4.2552083333,"33":4.2666666667,"34":4.4895833333,"35":4.7135416667,"36":4.7458333333,"37":4.990625,"38":5.215625,"39":5.2375,"40":5.4833333333,"41":5.7489583333,"42":5.78125,"43":5.990625,"44":6.225,"45":6.2572916667,"46":6.6739583333,"47":7.078125,"48":7.5708333333,"49":7.8239583333,"50":8.071875,"51":8.315625,"52":8.3364583333,"53":8.3364583333,"54":8.3583333333,"55":8.5604166667,"56":8.80625,"57":9.059375,"58":9.2927083333,"59":9.5479166667,"60":9.80625,"61":10.0520833333,"62":10.0520833333,"63":10.0520833333,"64":10.0625,"65":10.0625,"66":10.5177083333,"67":10.528125,"68":10.5375,"69":10.5375,"70":10.5375,"71":10.559375,"72":11.0354166667,"73":11.0354166667,"74":11.0354166667,"75":11.078125,"76":11.859375,"77":12.10625,"78":12.1270833333,"79":12.5635416667,"80":12.8072916667,"81":13.2885416667,"82":13.5229166667,"83":13.7760416667,"84":13.7979166667,"85":13.7979166667,"86":13.81875,"87":14.2572916667,"88":14.2677083333,"89":14.278125,"90":14.278125,"91":14.7697916667,"92":14.7697916667,"93":14.8020833333,"94":14.8125,"95":15.6041666667,"96":15.6145833333,"97":15.625,"98":15.6364583333},"std.end":{"0":3.3208333333,"1":0.0,"2":0.0,"3":0.3,"4":0.3635416667,"5":3.4177083333,"6":3.2989583333,"7":0.5333333333,"8":0.790625,"9":0.8010416667,"10":1.0447916667,"11":1.3114583333,"12":1.26875,"13":1.5770833333,"14":1.8010416667,"15":1.8552083333,"16":2.1135416667,"17":2.3697916667,"18":2.3166666667,"19":2.6583333333,"20":2.8177083333,"21":2.88125,"22":3.15,"23":3.3958333333,"24":3.4072916667,"25":3.6833333333,"26":3.8572916667,"27":3.9864583333,"28":4.1916666667,"29":4.4677083333,"30":7.4947916667,"31":4.54375,"32":7.50625,"33":7.4947916667,"34":4.7020833333,"35":4.8947916667,"36":4.9166666667,"37":5.2052083333,"38":5.440625,"39":5.41875,"40":5.70625,"41":5.884375,"42":5.853125,"43":6.99375,"44":6.4916666667,"45":6.4916666667,"46":6.7708333333,"47":7.4947916667,"48":7.8239583333,"49":8.0395833333,"50":8.2625,"51":8.5395833333,"52":9.7947916667,"53":9.8489583333,"54":9.8375,"55":8.775,"56":9.01875,"57":9.3041666667,"58":9.35625,"59":9.6229166667,"60":10.3375,"61":10.30625,"62":10.3375,"63":10.359375,"64":10.30625,"65":10.3489583333,"66":10.7385416667,"67":10.9291666667,"68":10.6552083333,"69":10.8125,"70":11.0145833333,"71":10.8541666667,"72":11.740625,"73":11.815625,"74":11.8479166667,"75":12.0416666667,"76":12.1270833333,"77":12.478125,"78":13.2458333333,"79":12.7958333333,"80":13.234375,"81":13.5229166667,"82":13.7979166667,"83":14.1270833333,"84":14.0520833333,"85":14.0739583333,"86":14.084375,"87":14.440625,"88":14.4291666667,"89":14.3541666667,"90":14.375,"91":15.2833333333,"92":15.3145833333,"93":15.25,"94":15.271875,"95":15.7104166667,"96":15.7208333333,"97":15.7,"98":15.7104166667},"std.velocity":{"0":8,"1":0,"2":0,"3":27,"4":23,"5":28,"6":11,"7":34,"8":46,"9":38,"10":40,"11":40,"12":44,"13":47,"14":59,"15":47,"16":52,"17":58,"18":59,"19":42,"20":58,"21":52,"22":39,"23":59,"24":48,"25":50,"26":67,"27":55,"28":48,"29":46,"30":24,"31":26,"32":25,"33":15,"34":38,"35":42,"36":41,"37":33,"38":36,"39":45,"40":46,"41":49,"42":31,"43":37,"44":58,"45":36,"46":42,"47":58,"48":54,"49":64,"50":51,"51":42,"52":20,"53":24,"54":20,"55":46,"56":47,"57":45,"58":57,"59":58,"60":47,"61":42,"62":29,"63":37,"64":47,"65":27,"66":31,"67":39,"68":35,"69":41,"70":42,"71":34,"72":42,"73":49,"74":42,"75":27,"76":38,"77":50,"78":34,"79":56,"80":68,"81":60,"82":65,"83":59,"84":40,"85":45,"86":36,"87":68,"88":48,"89":47,"90":41,"91":65,"92":48,"93":38,"94":39,"95":45,"96":40,"97":29,"98":29},"sub.pitch":{"0":67,"1":0,"2":0,"3":82,"4":75,"5":63,"6":60,"7":72,"8":82,"9":75,"10":72,"11":75,"12":79,"13":72,"14":79,"15":75,"16":72,"17":75,"18":82,"19":72,"20":82,"21":75,"22":72,"23":79,"24":75,"25":72,"26":79,"27":75,"28":72,"29":82,"30":56,"31":75,"32":60,"33":63,"34":72,"35":82,"36":75,"37":72,"38":75,"39":79,"40":72,"41":79,"42":75,"43":72,"44":82,"45":75,"46":84,"47":79,"48":72,"49":75,"50":72,"51":68,"52":60,"53":56,"54":53,"55":0,"56":68,"57":67,"58":68,"59":79,"60":67,"61":68,"62":53,"63":56,"64":75,"65":60,"66":67,"67":68,"68":60,"69":75,"70":56,"71":53,"72":55,"73":0,"74":67,"75":62,"76":0,"77":74,"78":60,"79":72,"80":74,"81":72,"82":74,"83":75,"84":67,"85":63,"86":60,"87":75,"88":63,"89":67,"90":60,"91":0,"92":0,"93":65,"94":62,"95":77,"96":58,"97":65,"98":62},"sub.start":{"0":0.0,"1":0.0,"2":0.0,"3":0.0,"4":0.0302083333,"5":0.0104166667,"6":0.0302083333,"7":0.2770833333,"8":0.5447916667,"9":0.5552083333,"10":0.8083333333,"11":1.065625,"12":1.065625,"13":1.309375,"14":1.578125,"15":1.578125,"16":1.8322916667,"17":2.0885416667,"18":2.0885416667,"19":2.3447916667,"20":2.5916666667,"21":2.58125,"22":2.828125,"23":3.0947916667,"24":3.0947916667,"25":3.3604166667,"26":3.596875,"27":3.6072916667,"28":3.89375,"29":4.1489583333,"30":4.159375,"31":4.128125,"32":4.159375,"33":4.1489583333,"34":4.4052083333,"35":4.6489583333,"36":4.6489583333,"37":4.8916666667,"38":5.15625,"39":5.15625,"40":5.4020833333,"41":5.6583333333,"42":5.66875,"43":5.9135416667,"44":6.1479166667,"45":6.1583333333,"46":6.571875,"47":7.0083333333,"48":7.9375,"49":7.7020833333,"50":7.465625,"51":8.1822916667,"52":8.19375,"53":8.19375,"54":8.2260416667,"55":0.0,"56":9.1427083333,"57":8.4302083333,"58":8.6635416667,"59":9.3895833333,"60":8.896875,"61":9.890625,"62":9.9020833333,"63":9.890625,"64":9.9020833333,"65":10.3947916667,"66":9.6354166667,"67":10.3635416667,"68":9.9020833333,"69":10.3635416667,"70":10.3739583333,"71":10.3947916667,"72":10.8666666667,"73":0.0,"74":10.8666666667,"75":10.878125,"76":0.0,"77":10.878125,"78":11.93125,"79":11.665625,"80":11.93125,"81":12.3791666667,"82":12.6260416667,"83":14.0416666667,"84":14.0625,"85":13.571875,"86":14.0625,"87":13.571875,"88":14.0625,"89":13.5822916667,"90":13.5927083333,"91":0.0,"92":0.0,"93":14.5739583333,"94":14.584375,"95":14.5635416667,"96":14.584375,"97":15.3833333333,"98":15.3833333333},"sub.end":{"0":3.2135416667,"1":0.0,"2":0.0,"3":0.234375,"4":0.3083333333,"5":3.2541666667,"6":3.2135416667,"7":0.5666666667,"8":0.75625,"9":0.7666666667,"10":1.0447916667,"11":1.2989583333,"12":1.2354166667,"13":1.6,"14":1.7364583333,"15":1.7895833333,"16":2.0885416667,"17":2.2708333333,"18":2.2708333333,"19":2.58125,"20":2.7635416667,"21":2.80625,"22":3.084375,"23":3.2875,"24":3.328125,"25":3.596875,"26":3.7666666667,"27":3.840625,"28":4.1166666667,"29":4.4052083333,"30":6.5302083333,"31":4.4583333333,"32":6.5302083333,"33":6.5302083333,"34":4.659375,"35":4.8177083333,"36":4.8583333333,"37":5.1364583333,"38":5.3583333333,"39":5.3375,"40":5.6145833333,"41":5.8072916667,"42":5.871875,"43":6.3177083333,"44":6.4020833333,"45":6.2854166667,"46":6.815625,"47":7.3291666667,"48":8.140625,