{"std.pitch":{"0":67,"1":0,"2":82,"3":75,"4":63,"5":60,"6":72,"7":82,"8":75,"9":72,"10":75,"11":79,"12":72,"13":79,"14":75,"15":72,"16":75,"17":82,"18":72,"19":82,"20":75,"21":72,"22":79,"23":75,"24":72,"25":79,"26":75,"27":72,"28":82,"29":56,"30":75,"31":60,"32":63,"33":72,"34":82,"35":75,"36":72,"37":75,"38":79,"39":72,"40":79,"41":75,"42":72,"43":82,"44":75,"45":84,"46":79,"47":72,"48":75,"49":72,"50":68,"51":60,"52":56,"53":53,"54":67,"55":68,"56":67,"57":68,"58":79,"59":67,"60":68,"61":53,"62":56,"63":75,"64":60,"65":67,"66":68,"67":60,"68":75,"69":56,"70":53,"71":55,"72":74,"73":67,"74":62,"75":72,"76":74,"77":60,"78":72,"79":74,"80":72,"81":74,"82":75,"83":67,"84":63,"85":60,"86":75,"87":63,"88":67,"89":60,"90":77,"91":58,"92":65,"93":62,"94":77,"95":58,"96":65,"97":62},"std.start":{"0":0.0,"1":0.0,"2":0.0333333333,"3":0.0333333333,"4":0.04375,"5":0.0552083333,"6":0.3,"7":0.565625,"8":0.565625,"9":0.8229166667,"10":1.0770833333,"11":1.0875,"12":1.353125,"13":1.609375,"14":1.609375,"15":1.8760416667,"16":2.1239583333,"17":2.134375,"18":2.4020833333,"19":2.6583333333,"20":2.6583333333,"21":2.9145833333,"22":3.1822916667,"23":3.1822916667,"24":3.4385416667,"25":3.6947916667,"26":3.6947916667,"27":3.9645833333,"28":4.2239583333,"29":4.2239583333,"30":4.234375,"31":4.2552083333,"32":4.2666666667,"33":4.4895833333,"34":4.7135416667,"35":4.7458333333,"36":4.990625,"37":5.215625,"38":5.2375,"39":5.4833333333,"40":5.7489583333,"41":5.78125,"42":5.990625,"43":6.225,"44":6.2572916667,"45":6.6739583333,"46":7.078125,"47":7.5708333333,"48":7.8239583333,"49":8.071875,"50":8.315625,"51":8.3364583333,"52":8.3364583333,"53":8.3583333333,"54":8.5604166667,"55":8.80625,"56":9.059375,"57":9.2927083333,"58":9.5479166667,"59":9.80625,"60":10.0520833333,"61":10.0520833333,"62":10.0520833333,"63":10.0625,"64":10.0625,"65":10.5177083333,"66":10.528125,"67":10.5375,"68":10.5375,"69":10.5375,"70":10.559375,"71":11.0354166667,"72":11.0354166667,"73":11.0354166667,"74":11.078125,"75":11.859375,"76":12.10625,"77":12.1270833333,"78":12.5635416667,"79":12.8072916667,"80":13.2885416667,"81":13.5229166667,"82":13.7760416667,"83":13.7979166667,"84":13.7979166667,"85":13.81875,"86":14.2572916667,"87":14.2677083333,"88":14.278125,"89":14.278125,"90":14.7697916667,"91":14.7697916667,"92":14.8020833333,"93":14.8125,"94":15.6041666667,"95":15.6145833333,"96":15.625,"97":15.6364583333},"std.end":{"0":3.3208333333,"1":0.0,"2":0.3,"3":0.3635416667,"4":3.4177083333,"5":3.2989583333,"6":0.5333333333,"7":0.790625,"8":0.8010416667,"9":1.0447916667,"10":1.3114583333,"11":1.26875,"12":1.5770833333,"13":1.8010416667,"14":1.8552083333,"15":2.1135416667,"16":2.3697916667,"17":2.3166666667,"18":2.6583333333,"19":2.8177083333,"20":2.88125,"21":3.15,"22":3.3958333333,"23":3.4072916667,"24":3.6833333333,"25":3.8572916667,"26":3.9864583333,"27":4.1916666667,"28":4.4677083333,"29":7.4947916667,"30":4.54375,"31":7.50625,"32":7.4947916667,"33":4.7020833333,"34":4.8947916667,"35":4.9166666667,"36":5.2052083333,"37":5.440625,"38":5.41875,"39":5.70625,"40":5.884375,"41":5.853125,"42":6.99375,"43":6.4916666667,"44":6.4916666667,"45":6.7708333333,"46":7.4947916667,"47":7.8239583333,"48":8.0395833333,"49":8.2625,"50":8.5395833333,"51":9.7947916667,"52":9.8489583333,"53":9.8375,"54":8.775,"55":9.01875,"56":9.3041666667,"57":9.35625,"58":9.6229166667,"59":10.3375,"60":10.30625,"61":10.3375,"62":10.359375,"63":10.30625,"64":10.3489583333,"65":10.7385416667,"66":10.9291666667,"67":10.6552083333,"68":10.8125,"69":11.0145833333,"70":10.8541666667,"71":11.740625,"72":11.815625,"73":11.8479166667,"74":12.0416666667,"75":12.1270833333,"76":12.478125,"77":13.2458333333,"78":12.7958333333,"79":13.234375,"80":13.5229166667,"81":13.7979166667,"82":14.1270833333,"83":14.0520833333,"84":14.0739583333,"85":14.084375,"86":14.440625,"87":14.4291666667,"88":14.3541666667,"89":14.375,"90":15.2833333333,"91":15.3145833333,"92":15.25,"93":15.271875,"94":15.7104166667,"95":15.7208333333,"96":15.7,"97":15.7104166667},"std.velocity":{"0":8,"1":0,"2":27,"3":23,"4":28,"5":11,"6":34,"7":46,"8":38,"9":40,"10":40,"11":44,"12":47,"13":59,"14":47,"15":52,"16":58,"17":59,"18":42,"19":58,"20":52,"21":39,"22":59,"23":48,"24":50,"25":67,"26":55,"27":48,"28":46,"29":24,"30":26,"31":25,"32":15,"33":38,"34":42,"35":41,"36":33,"37":36,"38":45,"39":46,"40":49,"41":31,"42":37,"43":58,"44":36,"45":42,"46":58,"47":54,"48":64,"49":51,"50":42,"51":20,"52":24,"53":20,"54":46,"55":47,"56":45,"57":57,"58":58,"59":47,"60":42,"61":29,"62":37,"63":47,"64":27,"65":31,"66":39,"67":35,"68":41,"69":42,"70":34,"71":42,"72":49,"73":42,"74":27,"75":38,"76":50,"77":34,"78":56,"79":68,"80":60,"81":65,"82":59,"83":40,"84":45,"85":36,"86":68,"87":48,"88":47,"89":41,"90":65,"91":48,"92":38,"93":39,"94":45,"95":40,"96":29,"97":29},"sub.pitch":{"0":67,"1":0,"2":82,"3":75,"4":63,"5":60,"6":72,"7":82,"8":75,"9":72,"10":75,"11":79,"12":72,"13":79,"14":75,"15":72,"16":75,"17":82,"18":72,"19":82,"20":75,"21":72,"22":79,"23":75,"24":72,"25":79,"26":75,"27":72,"28":82,"29":56,"30":75,"31":60,"32":63,"33":72,"34":82,"35":75,"36":72,"37":75,"38":79,"39":72,"40":79,"41":75,"42":72,"43":82,"44":75,"45":84,"46":79,"47":72,"48":75,"49":72,"50":68,"51":60,"52":56,"53":53,"54":67,"55":68,"56":67,"57":68,"58":79,"59":67,"60":68,"61":53,"62":56,"63":75,"64":60,"65":67,"66":68,"67":60,"68":75,"69":56,"70":53,"71":55,"72":74,"73":67,"74":62,"75":0,"76":0,"77":60,"78":72,"79":74,"80":72,"81":74,"82":75,"83":67,"84":63,"85":60,"86":75,"87":63,"88":67,"89":60,"90":77,"91":58,"92":65,"93":62,"94":77,"95":58,"96":65,"97":62},"sub.start":{"0":0.0104166667,"1":0.0,"2":0.0,"3":0.0208333333,"4":0.03125,"5":0.053125,"6":0.3083333333,"7":0.5947916667,"8":0.5947916667,"9":0.9447916667,"10":1.1677083333,"11":1.1572916667,"12":1.4583333333,"13":1.7239583333,"14":1.7239583333,"15":2.0114583333,"16":2.2791666667,"17":2.2895833333,"18":2.55625,"19":2.840625,"20":2.8302083333,"21":3.1145833333,"22":3.371875,"23":3.371875,"24":3.6385416667,"25":3.9166666667,"26":3.9166666667,"27":4.1708333333,"28":4.459375,"29":4.503125,"30":4.48125,"31":4.5145833333,"32":4.4927083333,"33":4.771875,"34":5.0302083333,"35":5.1364583333,"36":5.3177083333,"37":5.5833333333,"38":5.5927083333,"39":5.8583333333,"40":6.1145833333,"41":6.1885416667,"42":6.4229166667,"43":6.65625,"44":6.678125,"45":7.146875,"46":7.6052083333,"47":8.0947916667,"48":8.3625,"49":8.6197916667,"50":8.8864583333,"51":8.896875,"52":8.8864583333,"53":8.9177083333,"54":9.153125,"55":9.4083333333,"56":9.6875,"57":9.9229166667,"58":10.2,"59":10.4697916667,"60":10.7385416667,"61":10.78125,"62":10.76875,"63":10.7385416667,"64":10.7489583333,"65":10.790625,"66":11.2302083333,"67":11.240625,"68":11.2520833333,"69":11.2520833333,"70":11.2625,"71":11.7708333333,"72":11.7604166667,"73":11.7708333333,"74":11.8114583333,"75":0.0,"76":0.0,"77":12.8958333333,"78":12.6291666667,"79":12.90625,"80":13.4145833333,"81":13.690625,"82":14.6958333333,"83":14.70625,"84":14.70625,"85":14.7177083333,"86":15.2,"87":15.2114583333,"88":15.221875,"89":15.2114583333,"90":15.7458333333,"91":15.7666666667,"92":15.7666666667,"93":15.7875,"94":16.628125,"95":16.69375,"96":16.6510416667,"97":16.6614583333},"sub.end":{"0":3.584375,"1":0.0,"2":0.2333333333,"3":0.2760416667,"4":3.6479166667,"5":3.584375,"6":0.5739583333,"7":0.7739583333,"8":0.8375,"9":1.146875,"10":1.4145833333,"11":1.3916666667,"12":1.7125,"13":1.9479166667,"14":1.9895833333,"15":2.2791666667,"16":2.5447916667,"17":2.5239583333,"18":2.8302083333,"19":3.0614583333,"20":3.09375,"21":3.3927083333,"22":3.6166666667,"23":3.659375,"24":3.928125,"25":4.1197916667,"26":4.15,"27":4.4375,"28":4.7291666667,"29":8.1375,"30":4.7291666667,"31":8.1697916667,"32":8.1489583333,"33":5.0302083333,"34":5.2427083333,"35":5.253125,"36":5.5833333333,"37":5.8260416667,"38":5.79375,"39":6.146875,"40":6.328125,"41":6.36875,"42":6.85,"43":7.0197916667,"44":7.1260416667,"45":7.553125,"46":8.053125,"47":8.40625,"48":8.5770833333,"49":8.821875,"50":9.109375,