{"std.pitch":{"0":67,"1":82,"2":75,"3":63,"4":60,"5":72,"6":82,"7":75,"8":72,"9":75,"10":79,"11":72,"12":79,"13":75,"14":72,"15":75,"16":82,"17":72,"18":82,"19":75,"20":72,"21":79,"22":75,"23":72,"24":79,"25":75,"26":72,"27":82,"28":56,"29":75,"30":60,"31":63,"32":72,"33":82,"34":75,"35":72,"36":75,"37":79,"38":72,"39":79,"40":75,"41":72,"42":82,"43":75,"44":84,"45":79,"46":72,"47":75,"48":72,"49":68,"50":60,"51":56,"52":53,"53":67,"54":68,"55":67,"56":68,"57":79,"58":67,"59":68,"60":53,"61":56,"62":75,"63":60,"64":67,"65":68,"66":60,"67":75,"68":56,"69":53,"70":55,"71":74,"72":67,"73":62,"74":72,"75":74,"76":60,"77":72,"78":74,"79":72,"80":74,"81":75,"82":67,"83":63,"84":60,"85":75,"86":63,"87":67,"88":60,"89":77,"90":58,"91":65,"92":62,"93":77,"94":58,"95":65,"96":62},"std.start":{"0":0.0,"1":0.0333333333,"2":0.0333333333,"3":0.04375,"4":0.0552083333,"5":0.3,"6":0.565625,"7":0.565625,"8":0.8229166667,"9":1.0770833333,"10":1.0875,"11":1.353125,"12":1.609375,"13":1.609375,"14":1.8760416667,"15":2.1239583333,"16":2.134375,"17":2.4020833333,"18":2.6583333333,"19":2.6583333333,"20":2.9145833333,"21":3.1822916667,"22":3.1822916667,"23":3.4385416667,"24":3.6947916667,"25":3.6947916667,"26":3.9645833333,"27":4.2239583333,"28":4.2239583333,"29":4.234375,"30":4.2552083333,"31":4.2666666667,"32":4.4895833333,"33":4.7135416667,"34":4.7458333333,"35":4.990625,"36":5.215625,"37":5.2375,"38":5.4833333333,"39":5.7489583333,"40":5.78125,"41":5.990625,"42":6.225,"43":6.2572916667,"44":6.6739583333,"45":7.078125,"46":7.5708333333,"47":7.8239583333,"48":8.071875,"49":8.315625,"50":8.3364583333,"51":8.3364583333,"52":8.3583333333,"53":8.5604166667,"54":8.80625,"55":9.059375,"56":9.2927083333,"57":9.5479166667,"58":9.80625,"59":10.0520833333,"60":10.0520833333,"61":10.0520833333,"62":10.0625,"63":10.0625,"64":10.5177083333,"65":10.528125,"66":10.5375,"67":10.5375,"68":10.5375,"69":10.559375,"70":11.0354166667,"71":11.0354166667,"72":11.0354166667,"73":11.078125,"74":11.859375,"75":12.10625,"76":12.1270833333,"77":12.5635416667,"78":12.8072916667,"79":13.2885416667,"80":13.5229166667,"81":13.7760416667,"82":13.7979166667,"83":13.7979166667,"84":13.81875,"85":14.2572916667,"86":14.2677083333,"87":14.278125,"88":14.278125,"89":14.7697916667,"90":14.7697916667,"91":14.8020833333,"92":14.8125,"93":15.6041666667,"94":15.6145833333,"95":15.625,"96":15.6364583333},"std.end":{"0":3.3208333333,"1":0.3,"2":0.3635416667,"3":3.4177083333,"4":3.2989583333,"5":0.5333333333,"6":0.790625,"7":0.8010416667,"8":1.0447916667,"9":1.3114583333,"10":1.26875,"11":1.5770833333,"12":1.8010416667,"13":1.8552083333,"14":2.1135416667,"15":2.3697916667,"16":2.3166666667,"17":2.6583333333,"18":2.8177083333,"19":2.88125,"20":3.15,"21":3.3958333333,"22":3.4072916667,"23":3.6833333333,"24":3.8572916667,"25":3.9864583333,"26":4.1916666667,"27":4.4677083333,"28":7.4947916667,"29":4.54375,"30":7.50625,"31":7.4947916667,"32":4.7020833333,"33":4.8947916667,"34":4.9166666667,"35":5.2052083333,"36":5.440625,"37":5.41875,"38":5.70625,"39":5.884375,"40":5.853125,"41":6.99375,"42":6.4916666667,"43":6.4916666667,"44":6.7708333333,"45":7.4947916667,"46":7.8239583333,"47":8.0395833333,"48":8.2625,"49":8.5395833333,"50":9.7947916667,"51":9.8489583333,"52":9.8375,"53":8.775,"54":9.01875,"55":9.3041666667,"56":9.35625,"57":9.6229166667,"58":10.3375,"59":10.30625,"60":10.3375,"61":10.359375,"62":10.30625,"63":10.3489583333,"64":10.7385416667,"65":10.9291666667,"66":10.6552083333,"67":10.8125,"68":11.0145833333,"69":10.8541666667,"70":11.740625,"71":11.815625,"72":11.8479166667,"73":12.0416666667,"74":12.1270833333,"75":12.478125,"76":13.2458333333,"77":12.7958333333,"78":13.234375,"79":13.5229166667,"80":13.7979166667,"81":14.1270833333,"82":14.0520833333,"83":14.0739583333,"84":14.084375,"85":14.440625,"86":14.4291666667,"87":14.3541666667,"88":14.375,"89":15.2833333333,"90":15.3145833333,"91":15.25,"92":15.271875,"93":15.7104166667,"94":15.7208333333,"95":15.7,"96":15.7104166667},"std.velocity":{"0":8,"1":27,"2":23,"3":28,"4":11,"5":34,"6":46,"7":38,"8":40,"9":40,"10":44,"11":47,"12":59,"13":47,"14":52,"15":58,"16":59,"17":42,"18":58,"19":52,"20":39,"21":59,"22":48,"23":50,"24":67,"25":55,"26":48,"27":46,"28":24,"29":26,"30":25,"31":15,"32":38,"33":42,"34":41,"35":33,"36":36,"37":45,"38":46,"39":49,"40":31,"41":37,"42":58,"43":36,"44":42,"45":58,"46":54,"47":64,"48":51,"49":42,"50":20,"51":24,"52":20,"53":46,"54":47,"55":45,"56":57,"57":58,"58":47,"59":42,"60":29,"61":37,"62":47,"63":27,"64":31,"65":39,"66":35,"67":41,"68":42,"69":34,"70":42,"71":49,"72":42,"73":27,"74":38,"75":50,"76":34,"77":56,"78":68,"79":60,"80":65,"81":59,"82":40,"83":45,"84":36,"85":68,"86":48,"87":47,"88":41,"89":65,"90":48,"91":38,"92":39,"93":45,"94":40,"95":29,"96":29},"sub.pitch":{"0":67,"1":82,"2":75,"3":63,"4":60,"5":72,"6":82,"7":75,"8":72,"9":75,"10":79,"11":72,"12":79,"13":75,"14":72,"15":75,"16":82,"17":72,"18":82,"19":75,"20":72,"21":79,"22":75,"23":72,"24":79,"25":75,"26":72,"27":82,"28":56,"29":75,"30":60,"31":63,"32":72,"33":82,"34":75,"35":72,"36":75,"37":79,"38":72,"39":79,"40":75,"41":72,"42":82,"43":75,"44":84,"45":79,"46":72,"47":75,"48":72,"49":68,"50":60,"51":56,"52":53,"53":67,"54":68,"55":67,"56":68,"57":79,"58":67,"59":68,"60":53,"61":56,"62":75,"63":60,"64":67,"65":68,"66":60,"67":75,"68":56,"69":53,"70":55,"71":74,"72":67,"73":62,"74":72,"75":74,"76":60,"77":72,"78":74,"79":72,"80":74,"81":75,"82":67,"83":63,"84":60,"85":75,"86":63,"87":67,"88":60,"89":77,"90":58,"91":65,"92":62,"93":77,"94":58,"95":65,"96":62},"sub.start":{"0":0.0,"1":0.0114583333,"2":0.0333333333,"3":0.0,"4":0.0333333333,"5":0.3010416667,"6":0.5583333333,"7":0.56875,"8":0.8645833333,"9":1.0979166667,"10":1.0875,"11":1.3645833333,"12":1.6104166667,"13":1.621875,"14":1.8875,"15":2.1322916667,"16":2.14375,"17":2.4114583333,"18":2.659375,"19":2.659375,"20":2.9135416667,"21":3.1927083333,"22":3.1927083333,"23":3.4447916667,"24":3.6895833333,"25":3.7114583333,"26":3.96875,"27":4.203125,"28":4.203125,"29":4.2354166667,"30":4.225,"31":4.2354166667,"32":4.5020833333,"33":4.7479166667,"34":4.7583333333,"35":4.9895833333,"36":5.2552083333,"37":5.2552083333,"38":5.5010416667,"39":5.7677083333,"40":5.7791666667,"41":6.0270833333,"42":6.2489583333,"43":6.259375,"44":6.6458333333,"45":7.0604166667,"46":7.5520833333,"47":7.7729166667,"48":8.009375,"49":8.265625,"50":8.296875,"51":8.265625,"52":8.3083333333,"53":8.51875,"54":8.7552083333,"55":8.990625,"56":9.2458333333,"57":9.5010416667,"58":9.746875,"59":9.9916666667,"60":10.0020833333,"61":9.9916666667,"62":9.9916666667,"63":10.0020833333,"64":10.4916666667,"65":10.4916666667,"66":10.4916666667,"67":10.5020833333,"68":10.5125,"69":10.5125,"70":11.0229166667,"71":11.0114583333,"72":11.0229166667,"73":11.0114583333,"74":11.8447916667,"75":12.1239583333,"76":12.134375,"77":12.6041666667,"78":12.8604166667,"79":13.3052083333,"80":13.5375,"81":13.8,"82":13.8322916667,"83":13.8104166667,"84":13.8864583333,"85":14.2822916667,"86":14.303125,"87":14.303125,"88":14.2927083333,"89":14.809375,"90":14.809375,"91":14.809375,"92":14.8291666667,"93":15.6135416667,"94":15.6354166667,"95":15.6354166667,"96":15.646875},"sub.end":{"0":3.3083333333,"1":0.2697916667,"2":0.3229166667,"3":3.3927083333,"4":3.3395833333,"5":0.56875,"6":0.7072916667,"7":0.790625,"8":1.0875,"9":1.3541666667,"10":1.2583333333,"11":1.6427083333,"12":1.803125,"13":1.8447916667,"14":2.153125,"15":2.3364583333,"16":2.346875,"17":2.7125,"18":2.8291666667,"19":2.8927083333,"20":3.1708333333,"21":3.3927083333,"22":3.434375,"23":3.6791666667,"24":3.871875,"25":3.9791666667,"26":4.2458333333,"27":4.4802083333,"28":7.5729166667,"29":4.5239583333,"30":7.5833333333,"31":7.5520833333,"32":4.7270833333,"33":4.9052083333,"34":4.9479166667,"35":5.265625,"36":5.46875,"37":5.4375,"38":5.7677083333,"39":5.940625,"40":5.9947916667,"41":6.4416666667,"42":6.515625,"43":6.5260416667,"44":6.80625,"45":7.38125,"46":7.80625,"47":7.978125,"48":8.2020833333,"49":8.4875,"50":9.778125,