{"std.pitch":{"0":67,"1":0,"2":82,"3":75,"4":63,"5":60,"6":72,"7":82,"8":75,"9":72,"10":75,"11":79,"12":72,"13":79,"14":75,"15":72,"16":75,"17":82,"18":72,"19":82,"20":75,"21":72,"22":79,"23":75,"24":72,"25":79,"26":75,"27":72,"28":82,"29":56,"30":75,"31":60,"32":63,"33":72,"34":82,"35":75,"36":72,"37":75,"38":79,"39":72,"40":79,"41":75,"42":72,"43":82,"44":75,"45":84,"46":79,"47":72,"48":75,"49":72,"50":68,"51":60,"52":56,"53":53,"54":67,"55":68,"56":67,"57":68,"58":79,"59":67,"60":68,"61":53,"62":56,"63":75,"64":60,"65":67,"66":68,"67":60,"68":75,"69":56,"70":53,"71":55,"72":74,"73":67,"74":62,"75":72,"76":74,"77":60,"78":72,"79":74,"80":72,"81":74,"82":75,"83":67,"84":63,"85":60,"86":75,"87":63,"88":67,"89":60,"90":77,"91":58,"92":65,"93":62,"94":77,"95":58,"96":65,"97":62},"std.start":{"0":0.0,"1":0.0,"2":0.0333333333,"3":0.0333333333,"4":0.04375,"5":0.0552083333,"6":0.3,"7":0.565625,"8":0.565625,"9":0.8229166667,"10":1.0770833333,"11":1.0875,"12":1.353125,"13":1.609375,"14":1.609375,"15":1.8760416667,"16":2.1239583333,"17":2.134375,"18":2.4020833333,"19":2.6583333333,"20":2.6583333333,"21":2.9145833333,"22":3.1822916667,"23":3.1822916667,"24":3.4385416667,"25":3.6947916667,"26":3.6947916667,"27":3.9645833333,"28":4.2239583333,"29":4.2239583333,"30":4.234375,"31":4.2552083333,"32":4.2666666667,"33":4.4895833333,"34":4.7135416667,"35":4.7458333333,"36":4.990625,"37":5.215625,"38":5.2375,"39":5.4833333333,"40":5.7489583333,"41":5.78125,"42":5.990625,"43":6.225,"44":6.2572916667,"45":6.6739583333,"46":7.078125,"47":7.5708333333,"48":7.8239583333,"49":8.071875,"50":8.315625,"51":8.3364583333,"52":8.3364583333,"53":8.3583333333,"54":8.5604166667,"55":8.80625,"56":9.059375,"57":9.2927083333,"58":9.5479166667,"59":9.80625,"60":10.0520833333,"61":10.0520833333,"62":10.0520833333,"63":10.0625,"64":10.0625,"65":10.5177083333,"66":10.528125,"67":10.5375,"68":10.5375,"69":10.5375,"70":10.559375,"71":11.0354166667,"72":11.0354166667,"73":11.0354166667,"74":11.078125,"75":11.859375,"76":12.10625,"77":12.1270833333,"78":12.5635416667,"79":12.8072916667,"80":13.2885416667,"81":13.5229166667,"82":13.7760416667,"83":13.7979166667,"84":13.7979166667,"85":13.81875,"86":14.2572916667,"87":14.2677083333,"88":14.278125,"89":14.278125,"90":14.7697916667,"91":14.7697916667,"92":14.8020833333,"93":14.8125,"94":15.6041666667,"95":15.6145833333,"96":15.625,"97":15.6364583333},"std.end":{"0":3.3208333333,"1":0.0,"2":0.3,"3":0.3635416667,"4":3.4177083333,"5":3.2989583333,"6":0.5333333333,"7":0.790625,"8":0.8010416667,"9":1.0447916667,"10":1.3114583333,"11":1.26875,"12":1.5770833333,"13":1.8010416667,"14":1.8552083333,"15":2.1135416667,"16":2.3697916667,"17":2.3166666667,"18":2.6583333333,"19":2.8177083333,"20":2.88125,"21":3.15,"22":3.3958333333,"23":3.4072916667,"24":3.6833333333,"25":3.8572916667,"26":3.9864583333,"27":4.1916666667,"28":4.4677083333,"29":7.4947916667,"30":4.54375,"31":7.50625,"32":7.4947916667,"33":4.7020833333,"34":4.8947916667,"35":4.9166666667,"36":5.2052083333,"37":5.440625,"38":5.41875,"39":5.70625,"40":5.884375,"41":5.853125,"42":6.99375,"43":6.4916666667,"44":6.4916666667,"45":6.7708333333,"46":7.4947916667,"47":7.8239583333,"48":8.0395833333,"49":8.2625,"50":8.5395833333,"51":9.7947916667,"52":9.8489583333,"53":9.8375,"54":8.775,"55":9.01875,"56":9.3041666667,"57":9.35625,"58":9.6229166667,"59":10.3375,"60":10.30625,"61":10.3375,"62":10.359375,"63":10.30625,"64":10.3489583333,"65":10.7385416667,"66":10.9291666667,"67":10.6552083333,"68":10.8125,"69":11.0145833333,"70":10.8541666667,"71":11.740625,"72":11.815625,"73":11.8479166667,"74":12.0416666667,"75":12.1270833333,"76":12.478125,"77":13.2458333333,"78":12.7958333333,"79":13.234375,"80":13.5229166667,"81":13.7979166667,"82":14.1270833333,"83":14.0520833333,"84":14.0739583333,"85":14.084375,"86":14.440625,"87":14.4291666667,"88":14.3541666667,"89":14.375,"90":15.2833333333,"91":15.3145833333,"92":15.25,"93":15.271875,"94":15.7104166667,"95":15.7208333333,"96":15.7,"97":15.7104166667},"std.velocity":{"0":8,"1":0,"2":27,"3":23,"4":28,"5":11,"6":34,"7":46,"8":38,"9":40,"10":40,"11":44,"12":47,"13":59,"14":47,"15":52,"16":58,"17":59,"18":42,"19":58,"20":52,"21":39,"22":59,"23":48,"24":50,"25":67,"26":55,"27":48,"28":46,"29":24,"30":26,"31":25,"32":15,"33":38,"34":42,"35":41,"36":33,"37":36,"38":45,"39":46,"40":49,"41":31,"42":37,"43":58,"44":36,"45":42,"46":58,"47":54,"48":64,"49":51,"50":42,"51":20,"52":24,"53":20,"54":46,"55":47,"56":45,"57":57,"58":58,"59":47,"60":42,"61":29,"62":37,"63":47,"64":27,"65":31,"66":39,"67":35,"68":41,"69":42,"70":34,"71":42,"72":49,"73":42,"74":27,"75":38,"76":50,"77":34,"78":56,"79":68,"80":60,"81":65,"82":59,"83":40,"84":45,"85":36,"86":68,"87":48,"88":47,"89":41,"90":65,"91":48,"92":38,"93":39,"94":45,"95":40,"96":29,"97":29},"sub.pitch":{"0":67,"1":0,"2":82,"3":75,"4":63,"5":60,"6":72,"7":82,"8":75,"9":72,"10":75,"11":79,"12":72,"13":79,"14":75,"15":72,"16":75,"17":82,"18":72,"19":82,"20":75,"21":72,"22":79,"23":75,"24":72,"25":79,"26":75,"27":72,"28":82,"29":56,"30":75,"31":60,"32":63,"33":72,"34":82,"35":75,"36":72,"37":75,"38":79,"39":72,"40":79,"41":75,"42":72,"43":82,"44":0,"45":84,"46":79,"47":72,"48":75,"49":72,"50":68,"51":60,"52":56,"53":53,"54":67,"55":68,"56":67,"57":68,"58":79,"59":67,"60":68,"61":53,"62":56,"63":75,"64":60,"65":67,"66":68,"67":60,"68":75,"69":56,"70":53,"71":55,"72":74,"73":67,"74":62,"75":0,"76":74,"77":60,"78":72,"79":74,"80":72,"81":74,"82":75,"83":67,"84":63,"85":60,"86":75,"87":63,"88":67,"89":60,"90":77,"91":58,"92":65,"93":62,"94":77,"95":58,"96":65,"97":62},"sub.start":{"0":0.053125,"1":0.0,"2":0.0,"3":0.0208333333,"4":0.0416666667,"5":0.0729166667,"6":0.2958333333,"7":0.59375,"8":0.6041666667,"9":0.88125,"10":1.1916666667,"11":1.18125,"12":1.4729166667,"13":1.7604166667,"14":1.7604166667,"15":2.0489583333,"16":2.3604166667,"17":2.3604166667,"18":2.6385416667,"19":2.915625,"20":2.925,"21":3.203125,"22":3.5020833333,"23":3.5125,"24":3.8020833333,"25":4.0864583333,"26":4.11875,"27":4.396875,"28":4.675,"29":4.6958333333,"30":4.70625,"31":4.728125,"32":4.70625,"33":4.9625,"34":5.2427083333,"35":5.2635416667,"36":5.5208333333,"37":5.7958333333,"38":5.7958333333,"39":6.0635416667,"40":6.3510416667,"41":6.3833333333,"42":6.6416666667,"43":6.9083333333,"44":0.0,"45":7.3770833333,"46":7.8447916667,"47":8.3760416667,"48":8.665625,"49":8.9333333333,"50":9.221875,"51":9.2322916667,"52":9.2322916667,"53":9.2645833333,"54":9.4895833333,"55":9.7447916667,"56":10.0135416667,"57":10.26875,"58":10.55625,"59":10.8427083333,"60":11.1104166667,"61":11.1416666667,"62":11.13125,"63":11.1208333333,"64":11.1104166667,"65":11.1625,"66":11.6447916667,"67":11.6666666667,"68":11.6552083333,"69":11.6666666667,"70":11.6760416667,"71":12.203125,"72":12.1927083333,"73":12.203125,"74":12.2135416667,"75":0.0,"76":13.3520833333,"77":13.3625,"78":13.08125,"79":14.8385416667,"80":13.8458333333,"81":14.1354166667,"82":15.1270833333,"83":15.159375,"84":15.1375,"85":15.159375,"86":15.6427083333,"87":15.653125,"88":15.6427083333,"89":15.6427083333,"90":16.1875,"91":16.21875,"92":16.21875,"93":16.2385416667,"94":17.0427083333,"95":17.0739583333,"96":17.0427083333,"97":17.0739583333},"sub.end":{"0":3.7697916667,"1":0.0,"2":0.2635416667,"3":0.30625,"4":3.9270833333,"5":3.759375,"6":0.5833333333,"7":0.828125,"8":0.8385416667,"9":1.1916666667,"10":1.4510416667,"11":1.4197916667,"12":1.7604166667,"13":2.00625,"14":2.028125,"15":2.3604166667,"16":2.6072916667,"17":2.5739583333,"18":2.9364583333,"19":3.18125,"20":3.1927083333,"21":3.5020833333,"22":3.7489583333,"23":3.84375,"24":4.0864583333,"25":4.290625,"26":4.3541666667,"27":4.6541666667,"28":4.9416666667,"29":8.4083333333,"30":4.9520833333,"31":8.3760416667,"32":8.3760416667,"33":5.221875,"34":5.4677083333,"35":5.478125,"36":5.7854166667,"37":6.0635416667,"38":6.0302083333,"39":6.3302083333,"40":6.5770833333,"41":6.6302083333,"42":6.8770833333,"43":7.484375,"44":0.0,"45":7.740625,"46":8.3229166667,"47":8.6760416667,