{"std.pitch":{"0":67,"1":82,"2":75,"3":63,"4":60,"5":72,"6":82,"7":75,"8":72,"9":75,"10":79,"11":72,"12":79,"13":75,"14":72,"15":75,"16":82,"17":72,"18":82,"19":75,"20":72,"21":79,"22":75,"23":72,"24":79,"25":75,"26":72,"27":82,"28":56,"29":75,"30":60,"31":63,"32":72,"33":82,"34":75,"35":72,"36":75,"37":79,"38":72,"39":79,"40":75,"41":72,"42":82,"43":75,"44":84,"45":79,"46":72,"47":75,"48":72,"49":68,"50":60,"51":56,"52":53,"53":67,"54":68,"55":67,"56":68,"57":79,"58":67,"59":68,"60":53,"61":56,"62":75,"63":60,"64":67,"65":68,"66":60,"67":75,"68":56,"69":53,"70":55,"71":74,"72":67,"73":62,"74":72,"75":74,"76":60,"77":72,"78":74,"79":72,"80":74,"81":75,"82":67,"83":63,"84":60,"85":75,"86":63,"87":67,"88":60,"89":77,"90":58,"91":65,"92":62,"93":77,"94":58,"95":65,"96":62},"std.start":{"0":0.0,"1":0.0333333333,"2":0.0333333333,"3":0.04375,"4":0.0552083333,"5":0.3,"6":0.565625,"7":0.565625,"8":0.8229166667,"9":1.0770833333,"10":1.0875,"11":1.353125,"12":1.609375,"13":1.609375,"14":1.8760416667,"15":2.1239583333,"16":2.134375,"17":2.4020833333,"18":2.6583333333,"19":2.6583333333,"20":2.9145833333,"21":3.1822916667,"22":3.1822916667,"23":3.4385416667,"24":3.6947916667,"25":3.6947916667,"26":3.9645833333,"27":4.2239583333,"28":4.2239583333,"29":4.234375,"30":4.2552083333,"31":4.2666666667,"32":4.4895833333,"33":4.7135416667,"34":4.7458333333,"35":4.990625,"36":5.215625,"37":5.2375,"38":5.4833333333,"39":5.7489583333,"40":5.78125,"41":5.990625,"42":6.225,"43":6.2572916667,"44":6.6739583333,"45":7.078125,"46":7.5708333333,"47":7.8239583333,"48":8.071875,"49":8.315625,"50":8.3364583333,"51":8.3364583333,"52":8.3583333333,"53":8.5604166667,"54":8.80625,"55":9.059375,"56":9.2927083333,"57":9.5479166667,"58":9.80625,"59":10.0520833333,"60":10.0520833333,"61":10.0520833333,"62":10.0625,"63":10.0625,"64":10.5177083333,"65":10.528125,"66":10.5375,"67":10.5375,"68":10.5375,"69":10.559375,"70":11.0354166667,"71":11.0354166667,"72":11.0354166667,"73":11.078125,"74":11.859375,"75":12.10625,"76":12.1270833333,"77":12.5635416667,"78":12.8072916667,"79":13.2885416667,"80":13.5229166667,"81":13.7760416667,"82":13.7979166667,"83":13.7979166667,"84":13.81875,"85":14.2572916667,"86":14.2677083333,"87":14.278125,"88":14.278125,"89":14.7697916667,"90":14.7697916667,"91":14.8020833333,"92":14.8125,"93":15.6041666667,"94":15.6145833333,"95":15.625,"96":15.6364583333},"std.end":{"0":3.3208333333,"1":0.3,"2":0.3635416667,"3":3.4177083333,"4":3.2989583333,"5":0.5333333333,"6":0.790625,"7":0.8010416667,"8":1.0447916667,"9":1.3114583333,"10":1.26875,"11":1.5770833333,"12":1.8010416667,"13":1.8552083333,"14":2.1135416667,"15":2.3697916667,"16":2.3166666667,"17":2.6583333333,"18":2.8177083333,"19":2.88125,"20":3.15,"21":3.3958333333,"22":3.4072916667,"23":3.6833333333,"24":3.8572916667,"25":3.9864583333,"26":4.1916666667,"27":4.4677083333,"28":7.4947916667,"29":4.54375,"30":7.50625,"31":7.4947916667,"32":4.7020833333,"33":4.8947916667,"34":4.9166666667,"35":5.2052083333,"36":5.440625,"37":5.41875,"38":5.70625,"39":5.884375,"40":5.853125,"41":6.99375,"42":6.4916666667,"43":6.4916666667,"44":6.7708333333,"45":7.4947916667,"46":7.8239583333,"47":8.0395833333,"48":8.2625,"49":8.5395833333,"50":9.7947916667,"51":9.8489583333,"52":9.8375,"53":8.775,"54":9.01875,"55":9.3041666667,"56":9.35625,"57":9.6229166667,"58":10.3375,"59":10.30625,"60":10.3375,"61":10.359375,"62":10.30625,"63":10.3489583333,"64":10.7385416667,"65":10.9291666667,"66":10.6552083333,"67":10.8125,"68":11.0145833333,"69":10.8541666667,"70":11.740625,"71":11.815625,"72":11.8479166667,"73":12.0416666667,"74":12.1270833333,"75":12.478125,"76":13.2458333333,"77":12.7958333333,"78":13.234375,"79":13.5229166667,"80":13.7979166667,"81":14.1270833333,"82":14.0520833333,"83":14.0739583333,"84":14.084375,"85":14.440625,"86":14.4291666667,"87":14.3541666667,"88":14.375,"89":15.2833333333,"90":15.3145833333,"91":15.25,"92":15.271875,"93":15.7104166667,"94":15.7208333333,"95":15.7,"96":15.7104166667},"std.velocity":{"0":8,"1":27,"2":23,"3":28,"4":11,"5":34,"6":46,"7":38,"8":40,"9":40,"10":44,"11":47,"12":59,"13":47,"14":52,"15":58,"16":59,"17":42,"18":58,"19":52,"20":39,"21":59,"22":48,"23":50,"24":67,"25":55,"26":48,"27":46,"28":24,"29":26,"30":25,"31":15,"32":38,"33":42,"34":41,"35":33,"36":36,"37":45,"38":46,"39":49,"40":31,"41":37,"42":58,"43":36,"44":42,"45":58,"46":54,"47":64,"48":51,"49":42,"50":20,"51":24,"52":20,"53":46,"54":47,"55":45,"56":57,"57":58,"58":47,"59":42,"60":29,"61":37,"62":47,"63":27,"64":31,"65":39,"66":35,"67":41,"68":42,"69":34,"70":42,"71":49,"72":42,"73":27,"74":38,"75":50,"76":34,"77":56,"78":68,"79":60,"80":65,"81":59,"82":40,"83":45,"84":36,"85":68,"86":48,"87":47,"88":41,"89":65,"90":48,"91":38,"92":39,"93":45,"94":40,"95":29,"96":29},"sub.pitch":{"0":67,"1":82,"2":75,"3":63,"4":60,"5":72,"6":82,"7":75,"8":72,"9":75,"10":79,"11":72,"12":79,"13":75,"14":72,"15":75,"16":82,"17":72,"18":82,"19":75,"20":72,"21":79,"22":75,"23":72,"24":79,"25":75,"26":72,"27":82,"28":56,"29":75,"30":60,"31":63,"32":72,"33":82,"34":75,"35":72,"36":75,"37":79,"38":72,"39":79,"40":75,"41":72,"42":82,"43":0,"44":84,"45":79,"46":72,"47":75,"48":72,"49":68,"50":60,"51":56,"52":53,"53":67,"54":68,"55":67,"56":68,"57":79,"58":67,"59":68,"60":53,"61":56,"62":75,"63":60,"64":67,"65":68,"66":60,"67":75,"68":56,"69":53,"70":55,"71":74,"72":67,"73":62,"74":72,"75":74,"76":60,"77":72,"78":74,"79":72,"80":74,"81":75,"82":67,"83":63,"84":60,"85":75,"86":63,"87":67,"88":60,"89":77,"90":58,"91":65,"92":62,"93":77,"94":58,"95":65,"96":62},"sub.start":{"0":0.0,"1":0.0104166667,"2":0.0104166667,"3":0.0427083333,"4":0.03125,"5":0.3541666667,"6":0.6333333333,"7":0.6333333333,"8":0.9322916667,"9":1.2104166667,"10":1.2,"11":1.4979166667,"12":1.7864583333,"13":1.796875,"14":2.0864583333,"15":2.3416666667,"16":2.3416666667,"17":2.6625,"18":2.9291666667,"19":2.9395833333,"20":3.2375,"21":3.5166666667,"22":3.4947916667,"23":3.79375,"24":4.0833333333,"25":4.0833333333,"26":4.3510416667,"27":4.6604166667,"28":4.6604166667,"29":4.671875,"30":4.7135416667,"31":4.6927083333,"32":4.9583333333,"33":5.2260416667,"34":5.2572916667,"35":5.5135416667,"36":5.78125,"37":5.803125,"38":6.05,"39":6.3385416667,"40":6.3385416667,"41":6.603125,"42":6.915625,"43":0.0,"44":7.3604166667,"45":7.8291666667,"46":8.3291666667,"47":8.59375,"48":8.8541666667,"49":9.1333333333,"50":9.1645833333,"51":9.1645833333,"52":9.175,"53":9.3989583333,"54":9.678125,"55":9.9541666667,"56":10.2,"57":10.4895833333,"58":10.7354166667,"59":11.015625,"60":11.0375,"61":11.0260416667,"62":11.0260416667,"63":11.0260416667,"64":11.0583333333,"65":11.525,"66":11.546875,"67":11.546875,"68":11.5572916667,"69":11.5697916667,"70":12.0614583333,"71":12.0614583333,"72":12.0708333333,"73":12.0822916667,"74":12.9229166667,"75":13.1927083333,"76":13.2354166667,"77":13.6947916667,"78":13.9614583333,"79":14.4322916667,"80":14.6760416667,"81":14.9552083333,"82":14.9875,"83":14.9770833333,"84":14.9979166667,"85":15.4677083333,"86":15.478125,"87":15.4572916667,"88":15.4677083333,"89":16.0229166667,"90":16.05625,"91":16.0666666667,"92":16.0666666667,"93":16.809375,"94":16.809375,"95":16.809375,"96":16.8302083333},"sub.end":{"0":3.73125,"1":0.290625,"2":0.3322916667,"3":3.8041666667,"4":3.73125,"5":0.6114583333,"6":0.8791666667,"7":0.9,"8":1.178125,"9":1.4666666667,"10":1.4552083333,"11":1.7645833333,"12":1.9989583333,"13":2.04375,"14":2.3625,"15":2.63125,"16":2.6083333333,"17":2.95,"18":3.1833333333,"19":3.215625,"20":3.5166666667,"21":3.8041666667,"22":3.8041666667,"23":4.0833333333,"24":4.278125,"25":4.3291666667,"26":4.6489583333,"27":4.9270833333,"28":8.2760416667,"29":5.0125,"30":8.265625,"31":8.2760416667,"32":5.2260416667,"33":5.4604166667,"34":5.471875,"35":5.78125,"36":6.05,"37":6.0385416667,"38":6.3385416667,"39":6.540625,"40":6.6572916667,"41":7.0302083333,"42":7.403125,"43":0.0,"44":7.6916666667,"45":8.265625,"46":8.6145833333,"47":8.8114583333,"48":9.0583333333,"49":9.3666666667,"50":10.6604166667,