{"std.pitch":{"0":74,"1":55,"2":74,"3":54,"4":74,"5":50,"6":71,"7":55,"8":69,"9":50,"10":71,"11":43,"12":67,"13":69,"14":55,"15":54,"16":74,"17":52,"18":54,"19":72,"20":50,"21":55,"22":71,"23":43,"24":50,"25":69,"26":48,"27":74,"28":47,"29":72,"30":71,"31":69,"32":67,"33":48,"34":76,"35":72,"36":71,"37":69,"38":67,"39":66,"40":50,"41":64,"42":62,"43":66,"44":43,"45":67},"std.start":{"0":0.0,"1":0.0,"2":0.4708333333,"3":0.4708333333,"4":0.9104166667,"5":0.9104166667,"6":1.3604166667,"7":1.3604166667,"8":1.7895833333,"9":1.7895833333,"10":1.99375,"11":2.2739583333,"12":2.2739583333,"13":2.7239583333,"14":2.7239583333,"15":3.1395833333,"16":3.1395833333,"17":3.3427083333,"18":3.5677083333,"19":3.5677083333,"20":3.7614583333,"21":4.0197916667,"22":4.0197916667,"23":4.446875,"24":4.909375,"25":4.909375,"26":5.0916666667,"27":5.35,"28":5.35,"29":5.7927083333,"30":5.9875,"31":6.203125,"32":6.41875,"33":6.6822916667,"34":6.6989583333,"35":7.1677083333,"36":7.3708333333,"37":7.596875,"38":7.8010416667,"39":8.0895833333,"40":8.0895833333,"41":8.5510416667,"42":8.7760416667,"43":9.053125,"44":9.5697916667,"45":9.5697916667},"std.end":{"0":0.0947916667,"1":0.4385416667,"2":0.5572916667,"3":0.8895833333,"4":1.01875,"5":1.315625,"6":1.7677083333,"7":2.2635416667,"8":2.0364583333,"9":2.2416666667,"10":2.6822916667,"11":2.671875,"12":2.703125,"13":3.15,"14":3.1708333333,"15":3.3427083333,"16":3.5364583333,"17":3.546875,"18":3.7822916667,"19":3.9760416667,"20":4.0,"21":4.446875,"22":4.91875,"23":4.8760416667,"24":5.1135416667,"25":5.35,"26":5.35,"27":5.78125,"28":5.825,"29":5.9770833333,"30":6.2239583333,"31":6.453125,"32":6.73125,"33":7.2583333333,"34":7.1677083333,"35":7.425,"36":7.5864583333,"37":7.8010416667,"38":8.0677083333,"39":8.634375,"40":9.5375,"41":8.8072916667,"42":9.053125,"43":9.590625,"44":10.85,"45":10.8822916667},"std.velocity":{"0":73,"1":52,"2":66,"3":47,"4":64,"5":53,"6":62,"7":59,"8":62,"9":48,"10":66,"11":54,"12":60,"13":59,"14":59,"15":55,"16":69,"17":63,"18":63,"19":61,"20":67,"21":67,"22":70,"23":59,"24":57,"25":61,"26":67,"27":66,"28":68,"29":58,"30":74,"31":69,"32":69,"33":57,"34":62,"35":62,"36":56,"37":66,"38":65,"39":64,"40":54,"41":59,"42":61,"43":57,"44":49,"45":57},"sub.pitch":{"0":74,"1":55,"2":74,"3":54,"4":74,"5":50,"6":71,"7":55,"8":69,"9":50,"10":71,"11":43,"12":67,"13":69,"14":55,"15":54,"16":74,"17":52,"18":54,"19":72,"20":50,"21":55,"22":71,"23":43,"24":50,"25":69,"26":48,"27":74,"28":47,"29":72,"30":71,"31":69,"32":67,"33":48,"34":76,"35":72,"36":71,"37":69,"38":67,"39":66,"40":50,"41":64,"42":62,"43":66,"44":43,"45":67},"sub.start":{"0":0.0,"1":0.0,"2":0.4916666667,"3":0.4708333333,"4":0.9541666667,"5":0.9541666667,"6":1.403125,"7":1.3927083333,"8":1.8322916667,"9":1.8427083333,"10":2.046875,"11":2.3260416667,"12":2.3260416667,"13":2.7666666667,"14":2.7760416667,"15":3.1947916667,"16":3.1947916667,"17":3.4395833333,"18":3.6552083333,"19":3.6552083333,"20":3.86875,"21":4.1291666667,"22":4.11875,"23":4.578125,"24":5.03125,"25":5.053125,"26":5.25625,"27":5.5041666667,"28":5.5041666667,"29":5.9427083333,"30":6.1572916667,"31":6.3822916667,"32":6.6020833333,"33":6.9114583333,"34":6.9010416667,"35":7.3614583333,"36":7.5958333333,"37":7.809375,"38":8.04375,"39":8.3114583333,"40":8.3427083333,"41":8.790625,"42":9.028125,"43":9.3385416667,"44":9.896875,"45":9.9072916667},"sub.end":{"0":0.0958333333,"1":0.45,"2":0.5666666667,"3":0.9333333333,"4":1.01875,"5":1.340625,"6":1.8322916667,"7":2.2947916667,"8":2.15625,"9":2.3364583333,"10":2.3916666667,"11":2.7229166667,"12":2.74375,"13":3.2052083333,"14":3.1947916667,"15":3.41875,"16":3.64375,"17":3.64375,"18":3.8479166667,"19":4.096875,"20":4.096875,"21":4.6010416667,"22":5.053125,"23":5.03125,"24":5.2354166667,"25":5.5354166667,"26":5.5145833333,"27":5.975,"28":6.040625,"29":6.1895833333,"30":6.425,"31":6.65625,"32":6.9322916667,"33":8.290625,"34":7.4354166667,"35":7.6822916667,"36":7.7989583333,"37":8.0114583333,"38":8.3010416667,"39":8.8541666667,"40":9.8635416667,"41":9.059375,"42":9.3166666667,"43":9.9072916667,"44":11.1208333333,"45":11.13125},"sub.velocity":{"0":68,"1":50,"2":62,"3":53,"4":62,"5":49,"6":57,"7":51,"8":57,"9":44,"10":48,"11":52,"12":54,"13":54,"14":51,"15":52,"16":65,"17":54,"18":53,"19":61,"20":55,"21":61,"22":65,"23":56,"24":50,"25":60,"26":56,"27":65,"28":60,"29":63,"30":71,"31":76,"32":67,"33":29,"34":53,"35":50,"36":53,"37":66,"38":66,"39":56,"40":49,"41":51,"42":50,"43":48,"44":38,"45":49},"match":{"0":true,"1":true,"2":true,"3":true,"4":true,"5":true,"6":true,"7":true,"8":true,"9":true,"10":true,"11":true,"12":true,"13":true,"14":true,"15":true,"16":true,"17":true,"18":true,"19":true,"20":true,"21":true,"22":true,"23":true,"24":true,"25":true,"26":true,"27":true,"28":true,"29":true,"30":true,"31":true,"32":true,"33":true,"34":true,"35":true,"36":true,"37":true,"38":true,"39":true,"40":true,"41":true,"42":true,"43":true,"44":true,"45":true}}