{"std.pitch":{"0":74,"1":55,"2":74,"3":54,"4":74,"5":50,"6":71,"7":55,"8":69,"9":50,"10":71,"11":43,"12":67,"13":69,"14":55,"15":54,"16":74,"17":52,"18":54,"19":72,"20":50,"21":55,"22":71,"23":43,"24":50,"25":69,"26":48,"27":74,"28":47,"29":72,"30":71,"31":69,"32":67,"33":48,"34":76,"35":72,"36":71,"37":69,"38":67,"39":66,"40":50,"41":64,"42":62,"43":66,"44":43,"45":67},"std.start":{"0":0.0,"1":0.0,"2":0.4708333333,"3":0.4708333333,"4":0.9104166667,"5":0.9104166667,"6":1.3604166667,"7":1.3604166667,"8":1.7895833333,"9":1.7895833333,"10":1.99375,"11":2.2739583333,"12":2.2739583333,"13":2.7239583333,"14":2.7239583333,"15":3.1395833333,"16":3.1395833333,"17":3.3427083333,"18":3.5677083333,"19":3.5677083333,"20":3.7614583333,"21":4.0197916667,"22":4.0197916667,"23":4.446875,"24":4.909375,"25":4.909375,"26":5.0916666667,"27":5.35,"28":5.35,"29":5.7927083333,"30":5.9875,"31":6.203125,"32":6.41875,"33":6.6822916667,"34":6.6989583333,"35":7.1677083333,"36":7.3708333333,"37":7.596875,"38":7.8010416667,"39":8.0895833333,"40":8.0895833333,"41":8.5510416667,"42":8.7760416667,"43":9.053125,"44":9.5697916667,"45":9.5697916667},"std.end":{"0":0.0947916667,"1":0.4385416667,"2":0.5572916667,"3":0.8895833333,"4":1.01875,"5":1.315625,"6":1.7677083333,"7":2.2635416667,"8":2.0364583333,"9":2.2416666667,"10":2.6822916667,"11":2.671875,"12":2.703125,"13":3.15,"14":3.1708333333,"15":3.3427083333,"16":3.5364583333,"17":3.546875,"18":3.7822916667,"19":3.9760416667,"20":4.0,"21":4.446875,"22":4.91875,"23":4.8760416667,"24":5.1135416667,"25":5.35,"26":5.35,"27":5.78125,"28":5.825,"29":5.9770833333,"30":6.2239583333,"31":6.453125,"32":6.73125,"33":7.2583333333,"34":7.1677083333,"35":7.425,"36":7.5864583333,"37":7.8010416667,"38":8.0677083333,"39":8.634375,"40":9.5375,"41":8.8072916667,"42":9.053125,"43":9.590625,"44":10.85,"45":10.8822916667},"std.velocity":{"0":73,"1":52,"2":66,"3":47,"4":64,"5":53,"6":62,"7":59,"8":62,"9":48,"10":66,"11":54,"12":60,"13":59,"14":59,"15":55,"16":69,"17":63,"18":63,"19":61,"20":67,"21":67,"22":70,"23":59,"24":57,"25":61,"26":67,"27":66,"28":68,"29":58,"30":74,"31":69,"32":69,"33":57,"34":62,"35":62,"36":56,"37":66,"38":65,"39":64,"40":54,"41":59,"42":61,"43":57,"44":49,"45":57},"sub.pitch":{"0":74,"1":55,"2":74,"3":54,"4":74,"5":50,"6":71,"7":55,"8":69,"9":50,"10":71,"11":43,"12":67,"13":69,"14":55,"15":54,"16":74,"17":52,"18":54,"19":72,"20":50,"21":55,"22":71,"23":43,"24":50,"25":69,"26":48,"27":74,"28":47,"29":72,"30":71,"31":69,"32":67,"33":48,"34":76,"35":72,"36":71,"37":69,"38":67,"39":66,"40":50,"41":64,"42":62,"43":66,"44":43,"45":67},"sub.start":{"0":0.0,"1":0.0,"2":0.4708333333,"3":0.4604166667,"4":0.91875,"5":0.91875,"6":1.365625,"7":1.3552083333,"8":1.8052083333,"9":1.815625,"10":2.0208333333,"11":2.2666666667,"12":2.2770833333,"13":2.7145833333,"14":2.725,"15":3.13125,"16":3.1416666667,"17":3.3479166667,"18":3.5822916667,"19":3.59375,"20":3.7854166667,"21":4.0447916667,"22":4.034375,"23":4.4947916667,"24":4.9229166667,"25":4.94375,"26":5.1479166667,"27":5.4229166667,"28":5.4020833333,"29":5.8760416667,"30":6.08125,"31":6.3072916667,"32":6.521875,"33":6.7885416667,"34":6.7885416667,"35":7.2416666667,"36":7.4583333333,"37":7.69375,"38":7.94375,"39":8.2104166667,"40":8.221875,"41":8.7104166667,"42":8.9135416667,"43":9.215625,"44":9.2791666667,"45":9.8041666667},"sub.end":{"0":0.096875,"1":0.4385416667,"2":0.5791666667,"3":0.896875,"4":0.9947916667,"5":1.3239583333,"6":1.78125,"7":2.234375,"8":2.1270833333,"9":2.2666666667,"10":2.3083333333,"11":2.6822916667,"12":2.671875,"13":3.1416666667,"14":3.1416666667,"15":3.3270833333,"16":3.571875,"17":3.5614583333,"18":3.775,"19":4.0114583333,"20":4.0114583333,"21":4.4947916667,"22":4.9333333333,"23":4.9010416667,"24":5.1260416667,"25":5.4229166667,"26":5.4125,"27":5.8979166667,"28":5.8979166667,"29":6.08125,"30":6.3385416667,"31":6.575,"32":6.8322916667,"33":7.5572916667,"34":7.2635416667,"35":7.525,"36":7.6729166667,"37":7.85625,"38":8.1791666667,"39":8.7864583333,"40":9.2583333333,"41":8.9572916667,"42":9.215625,"43":9.8572916667,"44":11.1302083333,"45":11.0979166667},"sub.velocity":{"0":67,"1":47,"2":60,"3":50,"4":66,"5":45,"6":69,"7":53,"8":57,"9":43,"10":55,"11":46,"12":61,"13":57,"14":57,"15":54,"16":65,"17":53,"18":54,"19":58,"20":61,"21":61,"22":67,"23":61,"24":51,"25":59,"26":56,"27":65,"28":50,"29":63,"30":72,"31":74,"32":69,"33":53,"34":60,"35":59,"36":60,"37":67,"38":60,"39":54,"40":52,"41":52,"42":51,"43":52,"44":39,"45":54},"match":{"0":true,"1":true,"2":true,"3":true,"4":true,"5":true,"6":true,"7":true,"8":true,"9":true,"10":true,"11":true,"12":true,"13":true,"14":true,"15":true,"16":true,"17":true,"18":true,"19":true,"20":true,"21":true,"22":true,"23":true,"24":true,"25":true,"26":true,"27":true,"28":true,"29":true,"30":true,"31":true,"32":true,"33":true,"34":true,"35":true,"36":true,"37":true,"38":true,"39":true,"40":true,"41":true,"42":true,"43":true,"44":true,"45":true}}