{"std.pitch":{"0":74,"1":55,"2":74,"3":54,"4":74,"5":50,"6":71,"7":55,"8":69,"9":50,"10":71,"11":43,"12":67,"13":69,"14":55,"15":54,"16":74,"17":52,"18":54,"19":72,"20":50,"21":55,"22":71,"23":43,"24":50,"25":69,"26":48,"27":74,"28":47,"29":72,"30":71,"31":69,"32":67,"33":48,"34":76,"35":72,"36":71,"37":69,"38":67,"39":66,"40":50,"41":64,"42":62,"43":66,"44":43,"45":67},"std.start":{"0":0.0,"1":0.0,"2":0.4708333333,"3":0.4708333333,"4":0.9104166667,"5":0.9104166667,"6":1.3604166667,"7":1.3604166667,"8":1.7895833333,"9":1.7895833333,"10":1.99375,"11":2.2739583333,"12":2.2739583333,"13":2.7239583333,"14":2.7239583333,"15":3.1395833333,"16":3.1395833333,"17":3.3427083333,"18":3.5677083333,"19":3.5677083333,"20":3.7614583333,"21":4.0197916667,"22":4.0197916667,"23":4.446875,"24":4.909375,"25":4.909375,"26":5.0916666667,"27":5.35,"28":5.35,"29":5.7927083333,"30":5.9875,"31":6.203125,"32":6.41875,"33":6.6822916667,"34":6.6989583333,"35":7.1677083333,"36":7.3708333333,"37":7.596875,"38":7.8010416667,"39":8.0895833333,"40":8.0895833333,"41":8.5510416667,"42":8.7760416667,"43":9.053125,"44":9.5697916667,"45":9.5697916667},"std.end":{"0":0.0947916667,"1":0.4385416667,"2":0.5572916667,"3":0.8895833333,"4":1.01875,"5":1.315625,"6":1.7677083333,"7":2.2635416667,"8":2.0364583333,"9":2.2416666667,"10":2.6822916667,"11":2.671875,"12":2.703125,"13":3.15,"14":3.1708333333,"15":3.3427083333,"16":3.5364583333,"17":3.546875,"18":3.7822916667,"19":3.9760416667,"20":4.0,"21":4.446875,"22":4.91875,"23":4.8760416667,"24":5.1135416667,"25":5.35,"26":5.35,"27":5.78125,"28":5.825,"29":5.9770833333,"30":6.2239583333,"31":6.453125,"32":6.73125,"33":7.2583333333,"34":7.1677083333,"35":7.425,"36":7.5864583333,"37":7.8010416667,"38":8.0677083333,"39":8.634375,"40":9.5375,"41":8.8072916667,"42":9.053125,"43":9.590625,"44":10.85,"45":10.8822916667},"std.velocity":{"0":73,"1":52,"2":66,"3":47,"4":64,"5":53,"6":62,"7":59,"8":62,"9":48,"10":66,"11":54,"12":60,"13":59,"14":59,"15":55,"16":69,"17":63,"18":63,"19":61,"20":67,"21":67,"22":70,"23":59,"24":57,"25":61,"26":67,"27":66,"28":68,"29":58,"30":74,"31":69,"32":69,"33":57,"34":62,"35":62,"36":56,"37":66,"38":65,"39":64,"40":54,"41":59,"42":61,"43":57,"44":49,"45":57},"sub.pitch":{"0":74,"1":55,"2":74,"3":54,"4":74,"5":50,"6":71,"7":55,"8":69,"9":50,"10":71,"11":43,"12":67,"13":69,"14":55,"15":54,"16":74,"17":52,"18":54,"19":72,"20":50,"21":55,"22":71,"23":43,"24":50,"25":69,"26":48,"27":74,"28":47,"29":72,"30":71,"31":69,"32":67,"33":48,"34":76,"35":72,"36":71,"37":69,"38":67,"39":66,"40":50,"41":64,"42":62,"43":66,"44":43,"45":67},"sub.start":{"0":0.0114583333,"1":0.0,"2":0.4958333333,"3":0.4958333333,"4":0.9395833333,"5":0.9395833333,"6":1.3875,"7":1.3979166667,"8":1.828125,"9":1.8489583333,"10":2.0416666667,"11":2.2916666667,"12":2.3020833333,"13":2.7697916667,"14":2.759375,"15":3.1864583333,"16":3.1864583333,"17":3.4322916667,"18":3.6479166667,"19":3.659375,"20":3.8510416667,"21":4.1197916667,"22":4.1197916667,"23":4.5708333333,"24":5.0208333333,"25":5.03125,"26":5.234375,"27":5.490625,"28":5.490625,"29":5.9302083333,"30":6.1333333333,"31":6.3677083333,"32":6.5822916667,"33":6.85,"34":6.85,"35":7.3291666667,"36":7.55625,"37":7.7583333333,"38":7.9927083333,"39":8.2364583333,"40":8.2697916667,"41":8.7427083333,"42":8.9791666667,"43":9.2895833333,"44":9.8583333333,"45":9.86875},"sub.end":{"0":0.1072916667,"1":0.4739583333,"2":0.590625,"3":0.9083333333,"4":1.046875,"5":1.365625,"6":1.8166666667,"7":2.2260416667,"8":2.1489583333,"9":2.3125,"10":2.34375,"11":2.7270833333,"12":2.7270833333,"13":3.196875,"14":3.196875,"15":3.4322916667,"16":3.6375,"17":3.6375,"18":3.8510416667,"19":4.109375,"20":4.0875,"21":4.58125,"22":5.03125,"23":5.0,"24":5.2239583333,"25":5.5010416667,"26":5.5010416667,"27":5.9302083333,"28":5.9520833333,"29":6.1333333333,"30":6.4,"31":6.615625,"32":6.8604166667,"33":7.4260416667,"34":7.3520833333,"35":7.6083333333,"36":7.7354166667,"37":7.9822916667,"38":8.215625,"39":8.809375,"40":9.8479166667,"41":9.053125,"42":9.3010416667,"43":9.8895833333,"44":11.2895833333,"45":11.3},"sub.velocity":{"0":65,"1":43,"2":63,"3":52,"4":68,"5":51,"6":58,"7":49,"8":55,"9":44,"10":49,"11":50,"12":55,"13":54,"14":52,"15":56,"16":60,"17":60,"18":54,"19":61,"20":59,"21":59,"22":70,"23":56,"24":52,"25":60,"26":60,"27":67,"28":63,"29":62,"30":75,"31":72,"32":68,"33":50,"34":61,"35":57,"36":57,"37":60,"38":66,"39":56,"40":44,"41":48,"42":51,"43":57,"44":49,"45":48},"match":{"0":true,"1":true,"2":true,"3":true,"4":true,"5":true,"6":true,"7":true,"8":true,"9":true,"10":true,"11":true,"12":true,"13":true,"14":true,"15":true,"16":true,"17":true,"18":true,"19":true,"20":true,"21":true,"22":true,"23":true,"24":true,"25":true,"26":true,"27":true,"28":true,"29":true,"30":true,"31":true,"32":true,"33":true,"34":true,"35":true,"36":true,"37":true,"38":true,"39":true,"40":true,"41":true,"42":true,"43":true,"44":true,"45":true}}