{"std.pitch":{"0":74,"1":55,"2":74,"3":54,"4":74,"5":50,"6":71,"7":55,"8":69,"9":50,"10":71,"11":43,"12":67,"13":69,"14":55,"15":54,"16":74,"17":52,"18":54,"19":72,"20":50,"21":55,"22":71,"23":43,"24":50,"25":69,"26":48,"27":74,"28":47,"29":72,"30":71,"31":69,"32":67,"33":48,"34":76,"35":72,"36":71,"37":69,"38":67,"39":66,"40":50,"41":64,"42":62,"43":66,"44":43,"45":67},"std.start":{"0":0.0,"1":0.0,"2":0.4708333333,"3":0.4708333333,"4":0.9104166667,"5":0.9104166667,"6":1.3604166667,"7":1.3604166667,"8":1.7895833333,"9":1.7895833333,"10":1.99375,"11":2.2739583333,"12":2.2739583333,"13":2.7239583333,"14":2.7239583333,"15":3.1395833333,"16":3.1395833333,"17":3.3427083333,"18":3.5677083333,"19":3.5677083333,"20":3.7614583333,"21":4.0197916667,"22":4.0197916667,"23":4.446875,"24":4.909375,"25":4.909375,"26":5.0916666667,"27":5.35,"28":5.35,"29":5.7927083333,"30":5.9875,"31":6.203125,"32":6.41875,"33":6.6822916667,"34":6.6989583333,"35":7.1677083333,"36":7.3708333333,"37":7.596875,"38":7.8010416667,"39":8.0895833333,"40":8.0895833333,"41":8.5510416667,"42":8.7760416667,"43":9.053125,"44":9.5697916667,"45":9.5697916667},"std.end":{"0":0.0947916667,"1":0.4385416667,"2":0.5572916667,"3":0.8895833333,"4":1.01875,"5":1.315625,"6":1.7677083333,"7":2.2635416667,"8":2.0364583333,"9":2.2416666667,"10":2.6822916667,"11":2.671875,"12":2.703125,"13":3.15,"14":3.1708333333,"15":3.3427083333,"16":3.5364583333,"17":3.546875,"18":3.7822916667,"19":3.9760416667,"20":4.0,"21":4.446875,"22":4.91875,"23":4.8760416667,"24":5.1135416667,"25":5.35,"26":5.35,"27":5.78125,"28":5.825,"29":5.9770833333,"30":6.2239583333,"31":6.453125,"32":6.73125,"33":7.2583333333,"34":7.1677083333,"35":7.425,"36":7.5864583333,"37":7.8010416667,"38":8.0677083333,"39":8.634375,"40":9.5375,"41":8.8072916667,"42":9.053125,"43":9.590625,"44":10.85,"45":10.8822916667},"std.velocity":{"0":73,"1":52,"2":66,"3":47,"4":64,"5":53,"6":62,"7":59,"8":62,"9":48,"10":66,"11":54,"12":60,"13":59,"14":59,"15":55,"16":69,"17":63,"18":63,"19":61,"20":67,"21":67,"22":70,"23":59,"24":57,"25":61,"26":67,"27":66,"28":68,"29":58,"30":74,"31":69,"32":69,"33":57,"34":62,"35":62,"36":56,"37":66,"38":65,"39":64,"40":54,"41":59,"42":61,"43":57,"44":49,"45":57},"sub.pitch":{"0":74,"1":55,"2":74,"3":54,"4":74,"5":50,"6":71,"7":55,"8":69,"9":50,"10":71,"11":43,"12":67,"13":69,"14":55,"15":54,"16":74,"17":52,"18":54,"19":72,"20":50,"21":55,"22":71,"23":43,"24":50,"25":69,"26":48,"27":74,"28":47,"29":72,"30":71,"31":69,"32":67,"33":48,"34":76,"35":72,"36":71,"37":69,"38":67,"39":66,"40":50,"41":64,"42":62,"43":66,"44":43,"45":67},"sub.start":{"0":0.0,"1":0.0,"2":0.4927083333,"3":0.4822916667,"4":0.921875,"5":0.9322916667,"6":1.3760416667,"7":1.3760416667,"8":1.8125,"9":1.825,"10":2.028125,"11":2.2854166667,"12":2.2854166667,"13":2.7208333333,"14":2.7208333333,"15":3.165625,"16":3.1552083333,"17":3.3791666667,"18":3.6041666667,"19":3.6041666667,"20":3.8291666667,"21":4.0770833333,"22":4.065625,"23":4.5208333333,"24":4.9791666667,"25":4.9791666667,"26":5.1854166667,"27":5.4697916667,"28":5.4385416667,"29":5.896875,"30":6.125,"31":6.3395833333,"32":6.553125,"33":6.8510416667,"34":6.840625,"35":7.321875,"36":7.5375,"37":7.7552083333,"38":7.98125,"39":8.2625,"40":8.2729166667,"41":8.7447916667,"42":8.98125,"43":9.25,"44":9.7739583333,"45":9.7645833333},"sub.end":{"0":0.1052083333,"1":0.4708333333,"2":0.5677083333,"3":0.9114583333,"4":1.0427083333,"5":1.3333333333,"6":1.803125,"7":2.2739583333,"8":2.0822916667,"9":2.30625,"10":2.3604166667,"11":2.6895833333,"12":2.7114583333,"13":3.1760416667,"14":3.1760416667,"15":3.3895833333,"16":3.5833333333,"17":3.6041666667,"18":3.8385416667,"19":4.065625,"20":4.0541666667,"21":4.5208333333,"22":4.990625,"23":4.96875,"24":5.1739583333,"25":5.4802083333,"26":5.4489583333,"27":5.909375,"28":6.00625,"29":6.125,"30":6.3822916667,"31":6.575,"32":6.8729166667,"33":7.4822916667,"34":7.365625,"35":7.6125,"36":7.7322916667,"37":7.9489583333,"38":8.240625,"39":8.8427083333,"40":9.7645833333,"41":9.0125,"42":9.2604166667,"43":9.8291666667,"44":11.2604166667,"45":11.2052083333},"sub.velocity":{"0":72,"1":50,"2":64,"3":47,"4":66,"5":55,"6":64,"7":55,"8":65,"9":46,"10":62,"11":52,"12":61,"13":59,"14":58,"15":53,"16":64,"17":58,"18":65,"19":63,"20":68,"21":66,"22":71,"23":57,"24":60,"25":63,"26":65,"27":70,"28":67,"29":61,"30":73,"31":70,"32":68,"33":51,"34":57,"35":59,"36":59,"37":65,"38":63,"39":61,"40":53,"41":50,"42":57,"43":57,"44":49,"45":52},"match":{"0":true,"1":true,"2":true,"3":true,"4":true,"5":true,"6":true,"7":true,"8":true,"9":true,"10":true,"11":true,"12":true,"13":true,"14":true,"15":true,"16":true,"17":true,"18":true,"19":true,"20":true,"21":true,"22":true,"23":true,"24":true,"25":true,"26":true,"27":true,"28":true,"29":true,"30":true,"31":true,"32":true,"33":true,"34":true,"35":true,"36":true,"37":true,"38":true,"39":true,"40":true,"41":true,"42":true,"43":true,"44":true,"45":true}}