{"std.pitch":{"0":74,"1":55,"2":74,"3":54,"4":74,"5":50,"6":71,"7":55,"8":69,"9":50,"10":71,"11":43,"12":67,"13":69,"14":55,"15":54,"16":74,"17":52,"18":54,"19":72,"20":50,"21":55,"22":71,"23":43,"24":50,"25":69,"26":48,"27":74,"28":47,"29":72,"30":71,"31":69,"32":67,"33":48,"34":76,"35":72,"36":71,"37":69,"38":67,"39":66,"40":50,"41":64,"42":62,"43":66,"44":43,"45":67},"std.start":{"0":0.0,"1":0.0,"2":0.4708333333,"3":0.4708333333,"4":0.9104166667,"5":0.9104166667,"6":1.3604166667,"7":1.3604166667,"8":1.7895833333,"9":1.7895833333,"10":1.99375,"11":2.2739583333,"12":2.2739583333,"13":2.7239583333,"14":2.7239583333,"15":3.1395833333,"16":3.1395833333,"17":3.3427083333,"18":3.5677083333,"19":3.5677083333,"20":3.7614583333,"21":4.0197916667,"22":4.0197916667,"23":4.446875,"24":4.909375,"25":4.909375,"26":5.0916666667,"27":5.35,"28":5.35,"29":5.7927083333,"30":5.9875,"31":6.203125,"32":6.41875,"33":6.6822916667,"34":6.6989583333,"35":7.1677083333,"36":7.3708333333,"37":7.596875,"38":7.8010416667,"39":8.0895833333,"40":8.0895833333,"41":8.5510416667,"42":8.7760416667,"43":9.053125,"44":9.5697916667,"45":9.5697916667},"std.end":{"0":0.0947916667,"1":0.4385416667,"2":0.5572916667,"3":0.8895833333,"4":1.01875,"5":1.315625,"6":1.7677083333,"7":2.2635416667,"8":2.0364583333,"9":2.2416666667,"10":2.6822916667,"11":2.671875,"12":2.703125,"13":3.15,"14":3.1708333333,"15":3.3427083333,"16":3.5364583333,"17":3.546875,"18":3.7822916667,"19":3.9760416667,"20":4.0,"21":4.446875,"22":4.91875,"23":4.8760416667,"24":5.1135416667,"25":5.35,"26":5.35,"27":5.78125,"28":5.825,"29":5.9770833333,"30":6.2239583333,"31":6.453125,"32":6.73125,"33":7.2583333333,"34":7.1677083333,"35":7.425,"36":7.5864583333,"37":7.8010416667,"38":8.0677083333,"39":8.634375,"40":9.5375,"41":8.8072916667,"42":9.053125,"43":9.590625,"44":10.85,"45":10.8822916667},"std.velocity":{"0":73,"1":52,"2":66,"3":47,"4":64,"5":53,"6":62,"7":59,"8":62,"9":48,"10":66,"11":54,"12":60,"13":59,"14":59,"15":55,"16":69,"17":63,"18":63,"19":61,"20":67,"21":67,"22":70,"23":59,"24":57,"25":61,"26":67,"27":66,"28":68,"29":58,"30":74,"31":69,"32":69,"33":57,"34":62,"35":62,"36":56,"37":66,"38":65,"39":64,"40":54,"41":59,"42":61,"43":57,"44":49,"45":57},"sub.pitch":{"0":74,"1":55,"2":74,"3":54,"4":74,"5":50,"6":71,"7":55,"8":69,"9":50,"10":71,"11":43,"12":67,"13":69,"14":55,"15":54,"16":74,"17":52,"18":54,"19":72,"20":50,"21":55,"22":71,"23":43,"24":50,"25":69,"26":48,"27":74,"28":47,"29":72,"30":71,"31":69,"32":67,"33":48,"34":76,"35":72,"36":71,"37":69,"38":67,"39":66,"40":50,"41":64,"42":62,"43":66,"44":43,"45":67},"sub.start":{"0":0.5166666667,"1":0.0,"2":0.0229166667,"3":0.5052083333,"4":0.94375,"5":0.94375,"6":1.403125,"7":1.4135416667,"8":1.85625,"9":1.8666666667,"10":2.0489583333,"11":2.3072916667,"12":2.3177083333,"13":2.7875,"14":2.7875,"15":3.2145833333,"16":3.2145833333,"17":3.41875,"18":3.6541666667,"19":3.6541666667,"20":3.8604166667,"21":4.1270833333,"22":4.1270833333,"23":4.596875,"24":5.05,"25":5.0604166667,"26":5.275,"27":5.5333333333,"28":5.5333333333,"29":6.0052083333,"30":6.1989583333,"31":6.44375,"32":6.6708333333,"33":6.928125,"34":6.928125,"35":7.421875,"36":7.6458333333,"37":7.8510416667,"38":8.0864583333,"39":8.353125,"40":8.3635416667,"41":8.8427083333,"42":9.0989583333,"43":9.3989583333,"44":9.9145833333,"45":9.89375},"sub.end":{"0":0.6010416667,"1":0.4947916667,"2":0.0864583333,"3":0.9229166667,"4":1.0520833333,"5":1.3927083333,"6":1.85625,"7":2.2958333333,"8":2.1260416667,"9":2.35,"10":2.7875,"11":2.7666666667,"12":2.7770833333,"13":3.225,"14":3.225,"15":3.4302083333,"16":3.6322916667,"17":3.6427083333,"18":3.8708333333,"19":4.115625,"20":4.1052083333,"21":4.596875,"22":5.0604166667,"23":5.05,"24":5.275,"25":5.5447916667,"26":5.5447916667,"27":6.0479166667,"28":6.121875,"29":6.209375,"30":6.4875,"31":6.7145833333,"32":6.9729166667,"33":7.5489583333,"34":7.4635416667,"35":7.6989583333,"36":7.8291666667,"37":8.0864583333,"38":8.3427083333,"39":8.9052083333,"40":9.9041666667,"41":9.1729166667,"42":9.4302083333,"43":9.9770833333,"44":11.746875,"45":11.7145833333},"sub.velocity":{"0":69,"1":47,"2":62,"3":50,"4":70,"5":56,"6":68,"7":62,"8":63,"9":55,"10":64,"11":54,"12":65,"13":65,"14":61,"15":59,"16":68,"17":60,"18":58,"19":59,"20":64,"21":61,"22":73,"23":58,"24":59,"25":68,"26":65,"27":70,"28":68,"29":64,"30":70,"31":68,"32":68,"33":59,"34":59,"35":62,"36":66,"37":66,"38":66,"39":69,"40":57,"41":43,"42":64,"43":52,"44":49,"45":60},"match":{"0":true,"1":true,"2":true,"3":true,"4":true,"5":true,"6":true,"7":true,"8":true,"9":true,"10":true,"11":true,"12":true,"13":true,"14":true,"15":true,"16":true,"17":true,"18":true,"19":true,"20":true,"21":true,"22":true,"23":true,"24":true,"25":true,"26":true,"27":true,"28":true,"29":true,"30":true,"31":true,"32":true,"33":true,"34":true,"35":true,"36":true,"37":true,"38":true,"39":true,"40":true,"41":true,"42":true,"43":true,"44":true,"45":true}}