{"std.pitch":{"0":74,"1":55,"2":74,"3":54,"4":74,"5":50,"6":71,"7":55,"8":69,"9":50,"10":71,"11":43,"12":67,"13":69,"14":55,"15":54,"16":74,"17":52,"18":54,"19":72,"20":50,"21":55,"22":71,"23":43,"24":50,"25":69,"26":48,"27":74,"28":47,"29":72,"30":71,"31":69,"32":67,"33":48,"34":76,"35":72,"36":71,"37":69,"38":67,"39":66,"40":50,"41":64,"42":62,"43":66,"44":43,"45":67},"std.start":{"0":0.0,"1":0.0,"2":0.4708333333,"3":0.4708333333,"4":0.9104166667,"5":0.9104166667,"6":1.3604166667,"7":1.3604166667,"8":1.7895833333,"9":1.7895833333,"10":1.99375,"11":2.2739583333,"12":2.2739583333,"13":2.7239583333,"14":2.7239583333,"15":3.1395833333,"16":3.1395833333,"17":3.3427083333,"18":3.5677083333,"19":3.5677083333,"20":3.7614583333,"21":4.0197916667,"22":4.0197916667,"23":4.446875,"24":4.909375,"25":4.909375,"26":5.0916666667,"27":5.35,"28":5.35,"29":5.7927083333,"30":5.9875,"31":6.203125,"32":6.41875,"33":6.6822916667,"34":6.6989583333,"35":7.1677083333,"36":7.3708333333,"37":7.596875,"38":7.8010416667,"39":8.0895833333,"40":8.0895833333,"41":8.5510416667,"42":8.7760416667,"43":9.053125,"44":9.5697916667,"45":9.5697916667},"std.end":{"0":0.0947916667,"1":0.4385416667,"2":0.5572916667,"3":0.8895833333,"4":1.01875,"5":1.315625,"6":1.7677083333,"7":2.2635416667,"8":2.0364583333,"9":2.2416666667,"10":2.6822916667,"11":2.671875,"12":2.703125,"13":3.15,"14":3.1708333333,"15":3.3427083333,"16":3.5364583333,"17":3.546875,"18":3.7822916667,"19":3.9760416667,"20":4.0,"21":4.446875,"22":4.91875,"23":4.8760416667,"24":5.1135416667,"25":5.35,"26":5.35,"27":5.78125,"28":5.825,"29":5.9770833333,"30":6.2239583333,"31":6.453125,"32":6.73125,"33":7.2583333333,"34":7.1677083333,"35":7.425,"36":7.5864583333,"37":7.8010416667,"38":8.0677083333,"39":8.634375,"40":9.5375,"41":8.8072916667,"42":9.053125,"43":9.590625,"44":10.85,"45":10.8822916667},"std.velocity":{"0":73,"1":52,"2":66,"3":47,"4":64,"5":53,"6":62,"7":59,"8":62,"9":48,"10":66,"11":54,"12":60,"13":59,"14":59,"15":55,"16":69,"17":63,"18":63,"19":61,"20":67,"21":67,"22":70,"23":59,"24":57,"25":61,"26":67,"27":66,"28":68,"29":58,"30":74,"31":69,"32":69,"33":57,"34":62,"35":62,"36":56,"37":66,"38":65,"39":64,"40":54,"41":59,"42":61,"43":57,"44":49,"45":57},"sub.pitch":{"0":74,"1":55,"2":74,"3":54,"4":74,"5":50,"6":71,"7":55,"8":69,"9":50,"10":71,"11":43,"12":67,"13":69,"14":55,"15":54,"16":74,"17":52,"18":54,"19":72,"20":50,"21":55,"22":71,"23":43,"24":50,"25":69,"26":48,"27":74,"28":47,"29":72,"30":71,"31":69,"32":67,"33":48,"34":76,"35":72,"36":71,"37":69,"38":67,"39":66,"40":50,"41":64,"42":62,"43":66,"44":43,"45":67},"sub.start":{"0":0.0,"1":0.0104166667,"2":0.5041666667,"3":0.4947916667,"4":0.9447916667,"5":0.9552083333,"6":1.4041666667,"7":1.39375,"8":1.8427083333,"9":1.884375,"10":2.0677083333,"11":2.3041666667,"12":2.3354166667,"13":2.7916666667,"14":2.78125,"15":3.2510416667,"16":3.2302083333,"17":3.44375,"18":3.6677083333,"19":3.6791666667,"20":3.8822916667,"21":4.15,"22":4.159375,"23":4.6125,"24":5.0739583333,"25":5.0739583333,"26":5.2885416667,"27":5.546875,"28":5.5364583333,"29":6.0083333333,"30":6.2239583333,"31":6.4302083333,"32":6.6458333333,"33":6.9333333333,"34":6.9333333333,"35":7.4166666667,"36":7.6302083333,"37":7.865625,"38":8.0802083333,"39":8.3802083333,"40":8.3802083333,"41":8.8760416667,"42":9.0989583333,"43":9.4385416667,"44":9.99375,"45":9.984375},"sub.end":{"0":0.1197916667,"1":0.4520833333,"2":0.58125,"3":0.934375,"4":1.0416666667,"5":1.3416666667,"6":1.8427083333,"7":2.3041666667,"8":2.2083333333,"9":2.3354166667,"10":2.36875,"11":2.7697916667,"12":2.78125,"13":3.240625,"14":3.2833333333,"15":3.4552083333,"16":3.6791666667,"17":3.6572916667,"18":3.8822916667,"19":4.15,"20":4.1177083333,"21":4.634375,"22":5.0739583333,"23":5.053125,"24":5.2677083333,"25":5.5677083333,"26":5.5572916667,"27":6.03125,"28":5.9979166667,"29":6.2458333333,"30":6.4729166667,"31":6.6885416667,"32":6.9958333333,"33":7.5666666667,"34":7.4489583333,"35":7.7052083333,"36":7.84375,"37":8.0802083333,"38":8.3802083333,"39":8.9604166667,"40":9.99375,"41":9.1510416667,"42":9.45,"43":10.015625,"44":11.2375,"45":11.2583333333},"sub.velocity":{"0":70,"1":47,"2":59,"3":49,"4":61,"5":47,"6":59,"7":52,"8":61,"9":39,"10":56,"11":51,"12":57,"13":58,"14":57,"15":57,"16":59,"17":59,"18":56,"19":66,"20":62,"21":63,"22":70,"23":62,"24":53,"25":59,"26":58,"27":59,"28":55,"29":58,"30":69,"31":74,"32":69,"33":52,"34":59,"35":65,"36":65,"37":67,"38":66,"39":56,"40":39,"41":51,"42":49,"43":50,"44":41,"45":51},"match":{"0":true,"1":true,"2":true,"3":true,"4":true,"5":true,"6":true,"7":true,"8":true,"9":true,"10":true,"11":true,"12":true,"13":true,"14":true,"15":true,"16":true,"17":true,"18":true,"19":true,"20":true,"21":true,"22":true,"23":true,"24":true,"25":true,"26":true,"27":true,"28":true,"29":true,"30":true,"31":true,"32":true,"33":true,"34":true,"35":true,"36":true,"37":true,"38":true,"39":true,"40":true,"41":true,"42":true,"43":true,"44":true,"45":true}}