{"std.pitch":{"0":74,"1":55,"2":74,"3":54,"4":74,"5":50,"6":71,"7":55,"8":69,"9":50,"10":71,"11":43,"12":67,"13":69,"14":55,"15":54,"16":74,"17":52,"18":54,"19":72,"20":50,"21":55,"22":71,"23":43,"24":50,"25":69,"26":48,"27":74,"28":47,"29":72,"30":71,"31":69,"32":67,"33":48,"34":76,"35":72,"36":71,"37":69,"38":67,"39":66,"40":50,"41":64,"42":62,"43":66,"44":43,"45":67},"std.start":{"0":0.0,"1":0.0,"2":0.4708333333,"3":0.4708333333,"4":0.9104166667,"5":0.9104166667,"6":1.3604166667,"7":1.3604166667,"8":1.7895833333,"9":1.7895833333,"10":1.99375,"11":2.2739583333,"12":2.2739583333,"13":2.7239583333,"14":2.7239583333,"15":3.1395833333,"16":3.1395833333,"17":3.3427083333,"18":3.5677083333,"19":3.5677083333,"20":3.7614583333,"21":4.0197916667,"22":4.0197916667,"23":4.446875,"24":4.909375,"25":4.909375,"26":5.0916666667,"27":5.35,"28":5.35,"29":5.7927083333,"30":5.9875,"31":6.203125,"32":6.41875,"33":6.6822916667,"34":6.6989583333,"35":7.1677083333,"36":7.3708333333,"37":7.596875,"38":7.8010416667,"39":8.0895833333,"40":8.0895833333,"41":8.5510416667,"42":8.7760416667,"43":9.053125,"44":9.5697916667,"45":9.5697916667},"std.end":{"0":0.0947916667,"1":0.4385416667,"2":0.5572916667,"3":0.8895833333,"4":1.01875,"5":1.315625,"6":1.7677083333,"7":2.2635416667,"8":2.0364583333,"9":2.2416666667,"10":2.6822916667,"11":2.671875,"12":2.703125,"13":3.15,"14":3.1708333333,"15":3.3427083333,"16":3.5364583333,"17":3.546875,"18":3.7822916667,"19":3.9760416667,"20":4.0,"21":4.446875,"22":4.91875,"23":4.8760416667,"24":5.1135416667,"25":5.35,"26":5.35,"27":5.78125,"28":5.825,"29":5.9770833333,"30":6.2239583333,"31":6.453125,"32":6.73125,"33":7.2583333333,"34":7.1677083333,"35":7.425,"36":7.5864583333,"37":7.8010416667,"38":8.0677083333,"39":8.634375,"40":9.5375,"41":8.8072916667,"42":9.053125,"43":9.590625,"44":10.85,"45":10.8822916667},"std.velocity":{"0":73,"1":52,"2":66,"3":47,"4":64,"5":53,"6":62,"7":59,"8":62,"9":48,"10":66,"11":54,"12":60,"13":59,"14":59,"15":55,"16":69,"17":63,"18":63,"19":61,"20":67,"21":67,"22":70,"23":59,"24":57,"25":61,"26":67,"27":66,"28":68,"29":58,"30":74,"31":69,"32":69,"33":57,"34":62,"35":62,"36":56,"37":66,"38":65,"39":64,"40":54,"41":59,"42":61,"43":57,"44":49,"45":57},"sub.pitch":{"0":74,"1":55,"2":74,"3":54,"4":74,"5":50,"6":71,"7":55,"8":69,"9":50,"10":71,"11":43,"12":67,"13":69,"14":55,"15":54,"16":74,"17":52,"18":54,"19":72,"20":50,"21":55,"22":71,"23":43,"24":50,"25":69,"26":48,"27":74,"28":47,"29":72,"30":71,"31":69,"32":67,"33":48,"34":76,"35":72,"36":71,"37":69,"38":67,"39":66,"40":50,"41":64,"42":62,"43":66,"44":43,"45":67},"sub.start":{"0":0.0,"1":0.0114583333,"2":0.4833333333,"3":0.4833333333,"4":0.9447916667,"5":0.9447916667,"6":1.3947916667,"7":1.415625,"8":1.8552083333,"9":1.8760416667,"10":2.0791666667,"11":2.3395833333,"12":2.328125,"13":2.8197916667,"14":2.8197916667,"15":3.2708333333,"16":3.2708333333,"17":3.4875,"18":3.7229166667,"19":3.7322916667,"20":3.9145833333,"21":4.1822916667,"22":4.1708333333,"23":4.6322916667,"24":5.1010416667,"25":5.1135416667,"26":5.31875,"27":5.584375,"28":5.553125,"29":6.0333333333,"30":6.2583333333,"31":6.4833333333,"32":6.709375,"33":6.96875,"34":6.9895833333,"35":7.48125,"36":7.69375,"37":7.9416666667,"38":8.16875,"39":8.4375,"40":8.4375,"41":8.9739583333,"42":9.2114583333,"43":9.5114583333,"44":10.1010416667,"45":10.1010416667},"sub.end":{"0":0.109375,"1":0.4833333333,"2":0.590625,"3":0.934375,"4":1.0302083333,"5":1.3729166667,"6":1.8427083333,"7":2.296875,"8":2.1864583333,"9":2.3604166667,"10":2.3604166667,"11":2.8104166667,"12":2.8197916667,"13":3.2833333333,"14":3.2833333333,"15":3.4875,"16":3.7114583333,"17":3.7010416667,"18":3.9145833333,"19":4.15,"20":4.1604166667,"21":4.653125,"22":5.1135416667,"23":5.1135416667,"24":5.3291666667,"25":5.6052083333,"26":5.584375,"27":6.0552083333,"28":6.0552083333,"29":6.2802083333,"30":6.5270833333,"31":6.753125,"32":7.0510416667,"33":8.4052083333,"34":7.5447916667,"35":7.8135416667,"36":7.9197916667,"37":8.15625,"38":8.4375,"39":9.0395833333,"40":10.090625,"41":9.2635416667,"42":9.521875,"43":10.1114583333,"44":11.4072916667,"45":11.3541666667},"sub.velocity":{"0":67,"1":46,"2":61,"3":50,"4":62,"5":48,"6":66,"7":56,"8":59,"9":46,"10":56,"11":50,"12":61,"13":59,"14":60,"15":55,"16":60,"17":58,"18":57,"19":60,"20":61,"21":59,"22":71,"23":60,"24":50,"25":61,"26":65,"27":62,"28":61,"29":61,"30":75,"31":75,"32":66,"33":43,"34":59,"35":57,"36":57,"37":66,"38":69,"39":61,"40":49,"41":49,"42":56,"43":58,"44":47,"45":56},"match":{"0":true,"1":true,"2":true,"3":true,"4":true,"5":true,"6":true,"7":true,"8":true,"9":true,"10":true,"11":true,"12":true,"13":true,"14":true,"15":true,"16":true,"17":true,"18":true,"19":true,"20":true,"21":true,"22":true,"23":true,"24":true,"25":true,"26":true,"27":true,"28":true,"29":true,"30":true,"31":true,"32":true,"33":true,"34":true,"35":true,"36":true,"37":true,"38":true,"39":true,"40":true,"41":true,"42":true,"43":true,"44":true,"45":true}}