{"std.pitch":{"0":74,"1":55,"2":74,"3":54,"4":74,"5":50,"6":71,"7":55,"8":69,"9":50,"10":71,"11":43,"12":67,"13":69,"14":55,"15":54,"16":74,"17":52,"18":54,"19":72,"20":50,"21":55,"22":71,"23":43,"24":50,"25":69,"26":48,"27":74,"28":47,"29":72,"30":71,"31":69,"32":67,"33":48,"34":76,"35":72,"36":71,"37":69,"38":67,"39":66,"40":50,"41":64,"42":62,"43":66,"44":43,"45":67},"std.start":{"0":0.0,"1":0.0,"2":0.4708333333,"3":0.4708333333,"4":0.9104166667,"5":0.9104166667,"6":1.3604166667,"7":1.3604166667,"8":1.7895833333,"9":1.7895833333,"10":1.99375,"11":2.2739583333,"12":2.2739583333,"13":2.7239583333,"14":2.7239583333,"15":3.1395833333,"16":3.1395833333,"17":3.3427083333,"18":3.5677083333,"19":3.5677083333,"20":3.7614583333,"21":4.0197916667,"22":4.0197916667,"23":4.446875,"24":4.909375,"25":4.909375,"26":5.0916666667,"27":5.35,"28":5.35,"29":5.7927083333,"30":5.9875,"31":6.203125,"32":6.41875,"33":6.6822916667,"34":6.6989583333,"35":7.1677083333,"36":7.3708333333,"37":7.596875,"38":7.8010416667,"39":8.0895833333,"40":8.0895833333,"41":8.5510416667,"42":8.7760416667,"43":9.053125,"44":9.5697916667,"45":9.5697916667},"std.end":{"0":0.0947916667,"1":0.4385416667,"2":0.5572916667,"3":0.8895833333,"4":1.01875,"5":1.315625,"6":1.7677083333,"7":2.2635416667,"8":2.0364583333,"9":2.2416666667,"10":2.6822916667,"11":2.671875,"12":2.703125,"13":3.15,"14":3.1708333333,"15":3.3427083333,"16":3.5364583333,"17":3.546875,"18":3.7822916667,"19":3.9760416667,"20":4.0,"21":4.446875,"22":4.91875,"23":4.8760416667,"24":5.1135416667,"25":5.35,"26":5.35,"27":5.78125,"28":5.825,"29":5.9770833333,"30":6.2239583333,"31":6.453125,"32":6.73125,"33":7.2583333333,"34":7.1677083333,"35":7.425,"36":7.5864583333,"37":7.8010416667,"38":8.0677083333,"39":8.634375,"40":9.5375,"41":8.8072916667,"42":9.053125,"43":9.590625,"44":10.85,"45":10.8822916667},"std.velocity":{"0":73,"1":52,"2":66,"3":47,"4":64,"5":53,"6":62,"7":59,"8":62,"9":48,"10":66,"11":54,"12":60,"13":59,"14":59,"15":55,"16":69,"17":63,"18":63,"19":61,"20":67,"21":67,"22":70,"23":59,"24":57,"25":61,"26":67,"27":66,"28":68,"29":58,"30":74,"31":69,"32":69,"33":57,"34":62,"35":62,"36":56,"37":66,"38":65,"39":64,"40":54,"41":59,"42":61,"43":57,"44":49,"45":57},"sub.pitch":{"0":74,"1":55,"2":74,"3":54,"4":74,"5":50,"6":71,"7":55,"8":69,"9":50,"10":71,"11":43,"12":67,"13":69,"14":55,"15":54,"16":74,"17":52,"18":54,"19":72,"20":50,"21":55,"22":71,"23":43,"24":50,"25":69,"26":48,"27":74,"28":47,"29":72,"30":71,"31":69,"32":67,"33":48,"34":76,"35":72,"36":71,"37":69,"38":67,"39":0,"40":50,"41":64,"42":62,"43":66,"44":43,"45":67},"sub.start":{"0":0.0,"1":0.0114583333,"2":0.4822916667,"3":0.4822916667,"4":0.93125,"5":0.93125,"6":1.3947916667,"7":1.3947916667,"8":1.8458333333,"9":1.8666666667,"10":2.08125,"11":2.2864583333,"12":2.340625,"13":2.7739583333,"14":2.7635416667,"15":3.2239583333,"16":3.2125,"17":3.4270833333,"18":3.653125,"19":3.6635416667,"20":3.8447916667,"21":4.1135416667,"22":4.1135416667,"23":4.5875,"24":5.0510416667,"25":5.0614583333,"26":5.278125,"27":5.5145833333,"28":5.5052083333,"29":5.9635416667,"30":6.1760416667,"31":6.3802083333,"32":6.5833333333,"33":6.9041666667,"34":6.8927083333,"35":7.353125,"36":7.5770833333,"37":7.8239583333,"38":7.8125,"39":0.0,"40":8.3927083333,"41":8.8666666667,"42":9.0927083333,"43":9.390625,"44":9.9479166667,"45":9.9375},"sub.end":{"0":0.1072916667,"1":0.4625,"2":0.5895833333,"3":0.909375,"4":1.028125,"5":1.3395833333,"6":1.8354166667,"7":2.2864583333,"8":2.2,"9":2.3083333333,"10":2.459375,"11":2.7416666667,"12":2.7635416667,"13":3.2125,"14":3.2458333333,"15":3.4270833333,"16":3.6416666667,"17":3.6416666667,"18":3.8447916667,"19":4.103125,"20":4.0822916667,"21":4.5875,"22":5.0614583333,"23":5.0395833333,"24":5.278125,"25":5.5260416667,"26":5.5364583333,"27":5.9739583333,"28":6.046875,"29":6.1875,"30":6.4125,"31":6.6260416667,"32":6.9145833333,"33":8.3708333333,"34":7.384375,"35":7.6302083333,"36":7.7802083333,"37":8.1354166667,"38":8.3604166667,"39":0.0,"40":9.9270833333,"41":9.1229166667,"42":9.4020833333,"43":10.003125,"44":11.3041666667,"45":11.3145833333},"sub.velocity":{"0":70,"1":50,"2":71,"3":49,"4":67,"5":53,"6":62,"7":54,"8":64,"9":48,"10":64,"11":53,"12":52,"13":61,"14":53,"15":56,"16":66,"17":61,"18":61,"19":67,"20":64,"21":65,"22":73,"23":60,"24":53,"25":63,"26":66,"27":65,"28":67,"29":64,"30":74,"31":70,"32":69,"33":48,"34":54,"35":59,"36":63,"37":51,"38":52,"39":0,"40":63,"41":52,"42":59,"43":58,"44":46,"45":55},"match":{"0":true,"1":true,"2":true,"3":true,"4":true,"5":true,"6":true,"7":true,"8":true,"9":true,"10":true,"11":true,"12":true,"13":true,"14":true,"15":true,"16":true,"17":true,"18":true,"19":true,"20":true,"21":true,"22":true,"23":true,"24":true,"25":true,"26":true,"27":true,"28":true,"29":true,"30":true,"31":true,"32":true,"33":true,"34":true,"35":true,"36":true,"37":true,"38":true,"39":false,"40":true,"41":true,"42":true,"43":true,"44":true,"45":true}}