{"std.pitch":{"0":62,"1":0,"2":63,"3":64,"4":72,"5":64,"6":72,"7":64,"8":72,"9":72,"10":74,"11":75,"12":76,"13":72,"14":74,"15":76,"16":71,"17":74,"18":72,"19":62,"20":63,"21":64,"22":72,"23":64,"24":72,"25":64,"26":72,"27":69,"28":67,"29":66,"30":69,"31":72,"32":76,"33":74,"34":72,"35":69,"36":74},"std.start":{"0":0.0,"1":0.0,"2":0.2802083333,"3":0.55625,"4":0.8447916667,"5":1.3354166667,"6":1.6197916667,"7":2.115625,"8":2.4166666667,"9":3.6854166667,"10":3.9322916667,"11":4.2010416667,"12":4.4260416667,"13":4.6760416667,"14":4.9208333333,"15":5.1802083333,"16":5.6510416667,"17":5.909375,"18":6.4458333333,"19":7.940625,"20":8.1875,"21":8.45625,"22":8.7229166667,"23":9.184375,"24":9.4395833333,"25":9.9177083333,"26":10.2020833333,"27":11.5739583333,"28":11.8354166667,"29":12.0833333333,"30":12.3291666667,"31":12.56875,"32":12.8489583333,"33":13.325,"34":13.5614583333,"35":13.7958333333,"36":14.065625},"std.end":{"0":0.2479166667,"1":0.0,"2":0.5885416667,"3":0.8239583333,"4":1.0770833333,"5":1.4135416667,"6":1.93125,"7":2.2104166667,"8":3.4614583333,"9":3.878125,"10":4.2875,"11":4.2875,"12":4.6541666667,"13":4.7416666667,"14":4.996875,"15":5.459375,"16":5.728125,"17":6.2302083333,"18":7.4260416667,"19":8.1010416667,"20":8.284375,"21":8.5947916667,"22":8.9583333333,"23":9.26875,"24":9.725,"25":10.0177083333,"26":11.1979166667,"27":11.8354166667,"28":11.9114583333,"29":12.3072916667,"30":12.4270833333,"31":12.6322916667,"32":13.2364583333,"33":13.43125,"34":13.6354166667,"35":13.8947916667,"36":15.3416666667},"std.velocity":{"0":51,"1":0,"2":48,"3":50,"4":58,"5":45,"6":56,"7":42,"8":60,"9":58,"10":59,"11":56,"12":65,"13":56,"14":64,"15":66,"16":60,"17":66,"18":58,"19":56,"20":58,"21":61,"22":61,"23":57,"24":64,"25":55,"26":61,"27":66,"28":56,"29":64,"30":58,"31":65,"32":76,"33":61,"34":62,"35":59,"36":67},"sub.pitch":{"0":62,"1":0,"2":63,"3":64,"4":72,"5":64,"6":72,"7":64,"8":72,"9":72,"10":74,"11":75,"12":76,"13":72,"14":74,"15":76,"16":71,"17":74,"18":0,"19":62,"20":63,"21":0,"22":72,"23":64,"24":72,"25":64,"26":72,"27":69,"28":67,"29":66,"30":69,"31":72,"32":76,"33":74,"34":72,"35":69,"36":74},"sub.start":{"0":0.0,"1":0.0,"2":0.2791666667,"3":0.5885416667,"4":0.8916666667,"5":1.4354166667,"6":1.74375,"7":2.2833333333,"8":2.59375,"9":4.0510416667,"10":4.3260416667,"11":4.6135416667,"12":4.9041666667,"13":5.1708333333,"14":5.45,"15":5.7489583333,"16":6.275,"17":6.5510416667,"18":0.0,"19":8.6708333333,"20":8.9385416667,"21":0.0,"22":7.0833333333,"23":9.2322916667,"24":9.534375,"25":10.0364583333,"26":10.3260416667,"27":13.609375,"28":13.084375,"29":13.353125,"30":12.815625,"31":13.8885416667,"32":14.1697916667,"33":14.6989583333,"34":14.9645833333,"35":15.2322916667,"36":15.5302083333},"sub.end":{"0":0.1395833333,"1":0.0,"2":0.4177083333,"3":0.74375,"4":1.284375,"5":1.5854166667,"6":2.1791666667,"7":2.4333333333,"8":3.7395833333,"9":4.1666666667,"10":4.4864583333,"11":4.753125,"12":5.096875,"13":5.2895833333,"14":5.5875,"15":6.1125,"16":6.4239583333,"17":6.8916666667,"18":0.0,"19":8.809375,"20":9.128125,"21":0.0,"22":8.1229166667,"23":9.3635416667,"24":9.8989583333,"25":10.2270833333,"26":10.7354166667,"27":13.7489583333,"28":13.203125,"29":13.5104166667,"30":12.95625,"31":14.0395833333,"32":14.625,"33":14.8260416667,"34":15.1125,"35":15.3822916667,"36":16.609375},"sub.velocity":{"0":46,"1":0,"2":51,"3":49,"4":46,"5":43,"6":50,"7":46,"8":52,"9":48,"10":57,"11":61,"12":55,"13":53,"14":55,"15":53,"16":51,"17":54,"18":0,"19":56,"20":53,"21":0,"22":52,"23":56,"24":54,"25":50,"26":59,"27":61,"28":56,"29":63,"30":56,"31":66,"32":71,"33":67,"34":66,"35":60,"36":56},"match":{"0":true,"1":false,"2":true,"3":true,"4":true,"5":true,"6":true,"7":true,"8":true,"9":true,"10":true,"11":true,"12":true,"13":true,"14":true,"15":true,"16":true,"17":true,"18":false,"19":true,"20":true,"21":false,"22":true,"23":true,"24":true,"25":true,"26":true,"27":true,"28":true,"29":true,"30":true,"31":true,"32":true,"33":true,"34":true,"35":true,"36":true}}