{"std.pitch":{"0":62,"1":63,"2":64,"3":72,"4":64,"5":72,"6":64,"7":72,"8":72,"9":74,"10":75,"11":76,"12":72,"13":74,"14":76,"15":71,"16":74,"17":72,"18":62,"19":63,"20":64,"21":72,"22":64,"23":72,"24":64,"25":72,"26":69,"27":67,"28":66,"29":69,"30":72,"31":76,"32":74,"33":72,"34":69,"35":74},"std.start":{"0":0.0,"1":0.2802083333,"2":0.55625,"3":0.8447916667,"4":1.3354166667,"5":1.6197916667,"6":2.115625,"7":2.4166666667,"8":3.6854166667,"9":3.9322916667,"10":4.2010416667,"11":4.4260416667,"12":4.6760416667,"13":4.9208333333,"14":5.1802083333,"15":5.6510416667,"16":5.909375,"17":6.4458333333,"18":7.940625,"19":8.1875,"20":8.45625,"21":8.7229166667,"22":9.184375,"23":9.4395833333,"24":9.9177083333,"25":10.2020833333,"26":11.5739583333,"27":11.8354166667,"28":12.0833333333,"29":12.3291666667,"30":12.56875,"31":12.8489583333,"32":13.325,"33":13.5614583333,"34":13.7958333333,"35":14.065625},"std.end":{"0":0.2479166667,"1":0.5885416667,"2":0.8239583333,"3":1.0770833333,"4":1.4135416667,"5":1.93125,"6":2.2104166667,"7":3.4614583333,"8":3.878125,"9":4.2875,"10":4.2875,"11":4.6541666667,"12":4.7416666667,"13":4.996875,"14":5.459375,"15":5.728125,"16":6.2302083333,"17":7.4260416667,"18":8.1010416667,"19":8.284375,"20":8.5947916667,"21":8.9583333333,"22":9.26875,"23":9.725,"24":10.0177083333,"25":11.1979166667,"26":11.8354166667,"27":11.9114583333,"28":12.3072916667,"29":12.4270833333,"30":12.6322916667,"31":13.2364583333,"32":13.43125,"33":13.6354166667,"34":13.8947916667,"35":15.3416666667},"std.velocity":{"0":51,"1":48,"2":50,"3":58,"4":45,"5":56,"6":42,"7":60,"8":58,"9":59,"10":56,"11":65,"12":56,"13":64,"14":66,"15":60,"16":66,"17":58,"18":56,"19":58,"20":61,"21":61,"22":57,"23":64,"24":55,"25":61,"26":66,"27":56,"28":64,"29":58,"30":65,"31":76,"32":61,"33":62,"34":59,"35":67},"sub.pitch":{"0":62,"1":63,"2":64,"3":72,"4":64,"5":72,"6":64,"7":72,"8":72,"9":74,"10":75,"11":76,"12":72,"13":74,"14":76,"15":71,"16":74,"17":72,"18":62,"19":63,"20":64,"21":72,"22":64,"23":72,"24":64,"25":72,"26":69,"27":67,"28":66,"29":69,"30":72,"31":76,"32":74,"33":72,"34":69,"35":74},"sub.start":{"0":0.0,"1":0.2583333333,"2":0.5145833333,"3":0.8020833333,"4":1.271875,"5":1.5614583333,"6":2.04375,"7":2.3416666667,"8":3.5635416667,"9":3.809375,"10":4.0458333333,"11":4.303125,"12":4.55,"13":4.796875,"14":5.0447916667,"15":5.5197916667,"16":5.7885416667,"17":6.2708333333,"18":7.81875,"19":8.0541666667,"20":8.3114583333,"21":8.5802083333,"22":9.05,"23":9.315625,"24":9.7770833333,"25":10.06875,"26":11.4489583333,"27":11.684375,"28":11.9322916667,"29":12.165625,"30":12.403125,"31":12.6635416667,"32":13.1416666667,"33":13.3666666667,"34":13.6135416667,"35":13.8760416667},"sub.end":{"0":0.1291666667,"1":0.375,"2":0.6854166667,"3":1.0479166667,"4":1.378125,"5":1.8395833333,"6":2.15,"7":3.3166666667,"8":3.659375,"9":3.9489583333,"10":4.184375,"11":4.5291666667,"12":4.634375,"13":4.8822916667,"14":5.3239583333,"15":5.60625,"16":6.1635416667,"17":7.3,"18":7.946875,"19":8.171875,"20":8.4302083333,"21":8.9010416667,"22":9.178125,"23":9.6479166667,"24":9.9072916667,"25":11.084375,"26":11.5760416667,"27":11.8020833333,"28":12.134375,"29":12.31875,"30":12.5020833333,"31":13.2052083333,"32":13.25,"33":13.4770833333,"34":13.7458333333,"35":15.1385416667},"sub.velocity":{"0":47,"1":55,"2":52,"3":54,"4":48,"5":55,"6":55,"7":58,"8":50,"9":64,"10":63,"11":70,"12":56,"13":60,"14":56,"15":59,"16":58,"17":59,"18":48,"19":58,"20":57,"21":55,"22":53,"23":63,"24":53,"25":64,"26":59,"27":59,"28":64,"29":63,"30":67,"31":68,"32":70,"33":64,"34":62,"35":74},"match":{"0":true,"1":true,"2":true,"3":true,"4":true,"5":true,"6":true,"7":true,"8":true,"9":true,"10":true,"11":true,"12":true,"13":true,"14":true,"15":true,"16":true,"17":true,"18":true,"19":true,"20":true,"21":true,"22":true,"23":true,"24":true,"25":true,"26":true,"27":true,"28":true,"29":true,"30":true,"31":true,"32":true,"33":true,"34":true,"35":true}}