{"std.pitch":{"0":62,"1":63,"2":64,"3":72,"4":64,"5":72,"6":64,"7":72,"8":72,"9":74,"10":75,"11":76,"12":72,"13":74,"14":76,"15":71,"16":74,"17":72,"18":62,"19":63,"20":64,"21":72,"22":64,"23":72,"24":64,"25":72,"26":69,"27":67,"28":66,"29":69,"30":72,"31":76,"32":74,"33":72,"34":69,"35":74},"std.start":{"0":0.0,"1":0.2802083333,"2":0.55625,"3":0.8447916667,"4":1.3354166667,"5":1.6197916667,"6":2.115625,"7":2.4166666667,"8":3.6854166667,"9":3.9322916667,"10":4.2010416667,"11":4.4260416667,"12":4.6760416667,"13":4.9208333333,"14":5.1802083333,"15":5.6510416667,"16":5.909375,"17":6.4458333333,"18":7.940625,"19":8.1875,"20":8.45625,"21":8.7229166667,"22":9.184375,"23":9.4395833333,"24":9.9177083333,"25":10.2020833333,"26":11.5739583333,"27":11.8354166667,"28":12.0833333333,"29":12.3291666667,"30":12.56875,"31":12.8489583333,"32":13.325,"33":13.5614583333,"34":13.7958333333,"35":14.065625},"std.end":{"0":0.2479166667,"1":0.5885416667,"2":0.8239583333,"3":1.0770833333,"4":1.4135416667,"5":1.93125,"6":2.2104166667,"7":3.4614583333,"8":3.878125,"9":4.2875,"10":4.2875,"11":4.6541666667,"12":4.7416666667,"13":4.996875,"14":5.459375,"15":5.728125,"16":6.2302083333,"17":7.4260416667,"18":8.1010416667,"19":8.284375,"20":8.5947916667,"21":8.9583333333,"22":9.26875,"23":9.725,"24":10.0177083333,"25":11.1979166667,"26":11.8354166667,"27":11.9114583333,"28":12.3072916667,"29":12.4270833333,"30":12.6322916667,"31":13.2364583333,"32":13.43125,"33":13.6354166667,"34":13.8947916667,"35":15.3416666667},"std.velocity":{"0":51,"1":48,"2":50,"3":58,"4":45,"5":56,"6":42,"7":60,"8":58,"9":59,"10":56,"11":65,"12":56,"13":64,"14":66,"15":60,"16":66,"17":58,"18":56,"19":58,"20":61,"21":61,"22":57,"23":64,"24":55,"25":61,"26":66,"27":56,"28":64,"29":58,"30":65,"31":76,"32":61,"33":62,"34":59,"35":67},"sub.pitch":{"0":62,"1":63,"2":64,"3":72,"4":64,"5":72,"6":64,"7":72,"8":72,"9":74,"10":75,"11":76,"12":72,"13":74,"14":76,"15":71,"16":74,"17":72,"18":62,"19":63,"20":64,"21":72,"22":64,"23":72,"24":64,"25":72,"26":69,"27":67,"28":66,"29":69,"30":72,"31":76,"32":74,"33":72,"34":69,"35":74},"sub.start":{"0":0.0,"1":0.290625,"2":0.5802083333,"3":0.9125,"4":1.45,"5":1.746875,"6":2.2614583333,"7":2.603125,"8":4.0260416667,"9":4.30625,"10":4.5822916667,"11":4.85,"12":5.1333333333,"13":5.4010416667,"14":5.7020833333,"15":6.225,"16":6.50625,"17":7.015625,"18":8.590625,"19":8.8802083333,"20":9.1479166667,"21":9.4666666667,"22":9.9927083333,"23":10.2916666667,"24":10.815625,"25":11.1479166667,"26":12.6572916667,"27":12.921875,"28":13.1895833333,"29":13.45625,"30":13.721875,"31":13.9916666667,"32":14.5135416667,"33":14.76875,"34":15.0375,"35":15.328125},"sub.end":{"0":0.1729166667,"1":0.4302083333,"2":0.7291666667,"3":1.2791666667,"4":1.578125,"5":2.1020833333,"6":2.4020833333,"7":3.6864583333,"8":4.14375,"9":4.4354166667,"10":4.7197916667,"11":5.00625,"12":5.240625,"13":5.540625,"14":6.0479166667,"15":6.3552083333,"16":6.8145833333,"17":8.0770833333,"18":8.740625,"19":9.01875,"20":9.275,"21":9.8302083333,"22":10.1427083333,"23":10.64375,"24":10.9666666667,"25":12.228125,"26":12.7854166667,"27":13.0614583333,"28":13.3375,"29":13.584375,"30":13.8520833333,"31":14.4083333333,"32":14.6322916667,"33":14.9072916667,"34":15.1875,"35":16.3302083333},"sub.velocity":{"0":42,"1":56,"2":53,"3":53,"4":54,"5":52,"6":56,"7":49,"8":47,"9":56,"10":59,"11":65,"12":53,"13":61,"14":65,"15":59,"16":63,"17":61,"18":54,"19":56,"20":57,"21":50,"22":53,"23":58,"24":59,"25":59,"26":56,"27":62,"28":68,"29":61,"30":70,"31":65,"32":69,"33":62,"34":59,"35":59},"match":{"0":true,"1":true,"2":true,"3":true,"4":true,"5":true,"6":true,"7":true,"8":true,"9":true,"10":true,"11":true,"12":true,"13":true,"14":true,"15":true,"16":true,"17":true,"18":true,"19":true,"20":true,"21":true,"22":true,"23":true,"24":true,"25":true,"26":true,"27":true,"28":true,"29":true,"30":true,"31":true,"32":true,"33":true,"34":true,"35":true}}