{"std.pitch":{"0":62,"1":0,"2":0,"3":63,"4":64,"5":72,"6":64,"7":72,"8":64,"9":72,"10":72,"11":74,"12":75,"13":76,"14":72,"15":74,"16":76,"17":71,"18":74,"19":72,"20":62,"21":63,"22":64,"23":72,"24":64,"25":72,"26":64,"27":72,"28":69,"29":67,"30":66,"31":69,"32":72,"33":76,"34":74,"35":72,"36":69,"37":74},"std.start":{"0":0.0,"1":0.0,"2":0.0,"3":0.2802083333,"4":0.55625,"5":0.8447916667,"6":1.3354166667,"7":1.6197916667,"8":2.115625,"9":2.4166666667,"10":3.6854166667,"11":3.9322916667,"12":4.2010416667,"13":4.4260416667,"14":4.6760416667,"15":4.9208333333,"16":5.1802083333,"17":5.6510416667,"18":5.909375,"19":6.4458333333,"20":7.940625,"21":8.1875,"22":8.45625,"23":8.7229166667,"24":9.184375,"25":9.4395833333,"26":9.9177083333,"27":10.2020833333,"28":11.5739583333,"29":11.8354166667,"30":12.0833333333,"31":12.3291666667,"32":12.56875,"33":12.8489583333,"34":13.325,"35":13.5614583333,"36":13.7958333333,"37":14.065625},"std.end":{"0":0.2479166667,"1":0.0,"2":0.0,"3":0.5885416667,"4":0.8239583333,"5":1.0770833333,"6":1.4135416667,"7":1.93125,"8":2.2104166667,"9":3.4614583333,"10":3.878125,"11":4.2875,"12":4.2875,"13":4.6541666667,"14":4.7416666667,"15":4.996875,"16":5.459375,"17":5.728125,"18":6.2302083333,"19":7.4260416667,"20":8.1010416667,"21":8.284375,"22":8.5947916667,"23":8.9583333333,"24":9.26875,"25":9.725,"26":10.0177083333,"27":11.1979166667,"28":11.8354166667,"29":11.9114583333,"30":12.3072916667,"31":12.4270833333,"32":12.6322916667,"33":13.2364583333,"34":13.43125,"35":13.6354166667,"36":13.8947916667,"37":15.3416666667},"std.velocity":{"0":51,"1":0,"2":0,"3":48,"4":50,"5":58,"6":45,"7":56,"8":42,"9":60,"10":58,"11":59,"12":56,"13":65,"14":56,"15":64,"16":66,"17":60,"18":66,"19":58,"20":56,"21":58,"22":61,"23":61,"24":57,"25":64,"26":55,"27":61,"28":66,"29":56,"30":64,"31":58,"32":65,"33":76,"34":61,"35":62,"36":59,"37":67},"sub.pitch":{"0":62,"1":0,"2":0,"3":63,"4":64,"5":72,"6":64,"7":72,"8":64,"9":72,"10":72,"11":74,"12":75,"13":76,"14":72,"15":74,"16":76,"17":71,"18":74,"19":72,"20":62,"21":63,"22":0,"23":72,"24":64,"25":72,"26":64,"27":72,"28":0,"29":67,"30":66,"31":69,"32":72,"33":76,"34":74,"35":72,"36":69,"37":74},"sub.start":{"0":0.0,"1":0.0,"2":0.0,"3":0.265625,"4":0.5479166667,"5":0.8625,"6":1.3770833333,"7":1.690625,"8":2.2166666667,"9":2.5375,"10":3.9833333333,"11":4.26875,"12":4.5510416667,"13":4.81875,"14":5.1083333333,"15":5.3770833333,"16":5.6864583333,"17":6.221875,"18":6.5104166667,"19":6.2760416667,"20":8.6697916667,"21":8.9479166667,"22":0.0,"23":7.059375,"24":9.2177083333,"25":9.5270833333,"26":10.075,"27":10.3645833333,"28":0.0,"29":13.1104166667,"30":13.378125,"31":12.8416666667,"32":11.2177083333,"33":14.203125,"34":15.6,"35":13.9364583333,"36":15.2791666667,"37":14.7375},"sub.end":{"0":0.1385416667,"1":0.0,"2":0.0,"3":0.4166666667,"4":0.6802083333,"5":1.2166666667,"6":1.5177083333,"7":2.05625,"8":2.3552083333,"9":3.68125,"10":4.109375,"11":4.409375,"12":4.6583333333,"13":4.959375,"14":5.215625,"15":5.5479166667,"16":6.028125,"17":6.340625,"18":6.7916666667,"19":6.3177083333,"20":8.796875,"21":9.1104166667,"22":0.0,"23":8.1333333333,"24":9.3447916667,"25":9.9020833333,"26":10.221875,"27":10.7270833333,"28":0.0,"29":13.2270833333,"30":13.528125,"31":12.9489583333,"32":12.3822916667,"33":14.653125,"34":16.7479166667,"35":14.0760416667,"36":15.396875,"37":14.853125},"sub.velocity":{"0":52,"1":0,"2":0,"3":57,"4":53,"5":57,"6":58,"7":59,"8":56,"9":62,"10":53,"11":63,"12":68,"13":76,"14":65,"15":57,"16":54,"17":47,"18":60,"19":34,"20":53,"21":61,"22":0,"23":54,"24":56,"25":59,"26":54,"27":62,"28":0,"29":66,"30":70,"31":59,"32":61,"33":71,"34":57,"35":69,"36":58,"37":67},"match":{"0":true,"1":false,"2":false,"3":true,"4":true,"5":true,"6":true,"7":true,"8":true,"9":true,"10":true,"11":true,"12":true,"13":true,"14":true,"15":true,"16":true,"17":true,"18":true,"19":true,"20":true,"21":true,"22":false,"23":true,"24":true,"25":true,"26":true,"27":true,"28":false,"29":true,"30":true,"31":true,"32":true,"33":true,"34":true,"35":true,"36":true,"37":true}}