{"std.pitch":{"0":62,"1":63,"2":64,"3":72,"4":64,"5":72,"6":64,"7":72,"8":72,"9":74,"10":75,"11":76,"12":72,"13":74,"14":76,"15":71,"16":74,"17":72,"18":62,"19":63,"20":64,"21":72,"22":64,"23":72,"24":64,"25":72,"26":69,"27":67,"28":66,"29":69,"30":72,"31":76,"32":74,"33":72,"34":69,"35":74},"std.start":{"0":0.0,"1":0.2802083333,"2":0.55625,"3":0.8447916667,"4":1.3354166667,"5":1.6197916667,"6":2.115625,"7":2.4166666667,"8":3.6854166667,"9":3.9322916667,"10":4.2010416667,"11":4.4260416667,"12":4.6760416667,"13":4.9208333333,"14":5.1802083333,"15":5.6510416667,"16":5.909375,"17":6.4458333333,"18":7.940625,"19":8.1875,"20":8.45625,"21":8.7229166667,"22":9.184375,"23":9.4395833333,"24":9.9177083333,"25":10.2020833333,"26":11.5739583333,"27":11.8354166667,"28":12.0833333333,"29":12.3291666667,"30":12.56875,"31":12.8489583333,"32":13.325,"33":13.5614583333,"34":13.7958333333,"35":14.065625},"std.end":{"0":0.2479166667,"1":0.5885416667,"2":0.8239583333,"3":1.0770833333,"4":1.4135416667,"5":1.93125,"6":2.2104166667,"7":3.4614583333,"8":3.878125,"9":4.2875,"10":4.2875,"11":4.6541666667,"12":4.7416666667,"13":4.996875,"14":5.459375,"15":5.728125,"16":6.2302083333,"17":7.4260416667,"18":8.1010416667,"19":8.284375,"20":8.5947916667,"21":8.9583333333,"22":9.26875,"23":9.725,"24":10.0177083333,"25":11.1979166667,"26":11.8354166667,"27":11.9114583333,"28":12.3072916667,"29":12.4270833333,"30":12.6322916667,"31":13.2364583333,"32":13.43125,"33":13.6354166667,"34":13.8947916667,"35":15.3416666667},"std.velocity":{"0":51,"1":48,"2":50,"3":58,"4":45,"5":56,"6":42,"7":60,"8":58,"9":59,"10":56,"11":65,"12":56,"13":64,"14":66,"15":60,"16":66,"17":58,"18":56,"19":58,"20":61,"21":61,"22":57,"23":64,"24":55,"25":61,"26":66,"27":56,"28":64,"29":58,"30":65,"31":76,"32":61,"33":62,"34":59,"35":67},"sub.pitch":{"0":62,"1":63,"2":64,"3":72,"4":64,"5":72,"6":64,"7":72,"8":72,"9":74,"10":75,"11":76,"12":72,"13":74,"14":76,"15":71,"16":74,"17":72,"18":62,"19":63,"20":64,"21":72,"22":64,"23":72,"24":64,"25":72,"26":69,"27":67,"28":66,"29":69,"30":72,"31":76,"32":74,"33":72,"34":69,"35":74},"sub.start":{"0":0.0,"1":0.2572916667,"2":0.5020833333,"3":0.7822916667,"4":1.2510416667,"5":1.5072916667,"6":1.96875,"7":2.2697916667,"8":3.5395833333,"9":3.784375,"10":4.0208333333,"11":4.2770833333,"12":4.5041666667,"13":4.740625,"14":5.021875,"15":5.4958333333,"16":5.7541666667,"17":6.2489583333,"18":7.7552083333,"19":8.0020833333,"20":8.2510416667,"21":8.540625,"22":8.9927083333,"23":9.2583333333,"24":9.7333333333,"25":10.009375,"26":11.3666666667,"27":11.6125,"28":11.85625,"29":12.0854166667,"30":12.3322916667,"31":12.5916666667,"32":13.053125,"33":13.2770833333,"34":13.521875,"35":13.803125},"sub.end":{"0":0.1291666667,"1":0.3760416667,"2":0.63125,"3":1.1125,"4":1.3583333333,"5":1.809375,"6":2.0645833333,"7":3.28125,"8":3.6364583333,"9":3.903125,"10":4.1479166667,"11":4.428125,"12":4.5885416667,"13":4.8489583333,"14":5.334375,"15":5.5927083333,"16":5.990625,"17":7.3135416667,"18":7.871875,"19":8.1114583333,"20":8.3364583333,"21":8.840625,"22":9.0770833333,"23":9.58125,"24":9.8395833333,"25":11.0208333333,"26":11.484375,"27":11.7177083333,"28":12.03125,"29":12.215625,"30":12.4416666667,"31":12.9552083333,"32":13.16875,"33":13.3833333333,"34":13.6197916667,"35":15.0458333333},"sub.velocity":{"0":46,"1":54,"2":52,"3":56,"4":50,"5":50,"6":57,"7":57,"8":48,"9":61,"10":62,"11":66,"12":58,"13":57,"14":63,"15":60,"16":63,"17":53,"18":53,"19":54,"20":44,"21":53,"22":50,"23":60,"24":57,"25":66,"26":56,"27":58,"28":65,"29":60,"30":65,"31":69,"32":60,"33":66,"34":63,"35":64},"match":{"0":true,"1":true,"2":true,"3":true,"4":true,"5":true,"6":true,"7":true,"8":true,"9":true,"10":true,"11":true,"12":true,"13":true,"14":true,"15":true,"16":true,"17":true,"18":true,"19":true,"20":true,"21":true,"22":true,"23":true,"24":true,"25":true,"26":true,"27":true,"28":true,"29":true,"30":true,"31":true,"32":true,"33":true,"34":true,"35":true}}