std.pitch8,d_var8,v_var8
62.0,0.0031336806,4.6666666667
63.0,0.0080758102,9.5555555556
75.0,0.0004993731,9.5555555556
,,
,,
,,
,,
,,
,,
,,
,,
,,
,,
76.0,0.0012856867,4.6666666667
,,
,,
,,
,,
,,
,,
,,
,,
,,
,,
72.0,7.8125e-05,0.8888888889
,,
,,
,,
,,
,,
,,
,,
,,
,,
,,
74.0,0.0001839796,8.2222222222
,,
,,
,,
,,
,,
,,
,,
,,
,,
,,
76.0,0.0002469136,17.5555555556
,,
,,
,,
,,
,,
,,
,,
,,
,,
,,
71.0,6.53453e-05,0.2222222222
,,
,,
,,
,,
,,
,,
,,
,,
,,
,,
74.0,0.0032496624,10.8888888889
,,
,,
,,
,,
,,
,,
,,
,,
,,
,,
72.0,0.001196711,6.8888888889
,,
,,
,,
,,
,,
,,
,,
,,
,,
,,
62.0,0.0003431231,10.8888888889
,,
,,
,,
63.0,7.33025e-05,3.5555555556
64.0,0.0033682967,0.8888888889
64.0,0.0004805652,52.6666666667
72.0,0.001322338,11.5555555556
64.0,0.0004253472,8.2222222222
72.0,0.0004101563,2.8888888889
64.0,0.000169512,2.6666666667
72.0,7.25791e-05,4.2222222222
69.0,0.004312066,17.5555555556
67.0,0.000304784,1.5555555556
66.0,0.0004009934,0.2222222222
69.0,0.0005128762,4.2222222222
72.0,0.0018766879,2.6666666667
72.0,0.000384838,0.8888888889
76.0,0.0062299865,12.6666666667
74.0,1.61555e-05,20.2222222222
72.0,0.0002654803,2.6666666667
69.0,0.0002548708,2.8888888889
74.0,0.0001873553,17.5555555556
,,
,,
,,
,,
64.0,0.0001825328,4.2222222222
,,
,,
,,
,,
,,
,,
,,
,,
,,
,,
72.0,0.0001970004,6.8888888889
,,
,,
,,
,,
,,
,,
,,
,,
,,
,,
64.0,2.6765e-05,44.2222222222
,,
,,
,,
,,
,,
,,
,,
,,
,,
,,
72.0,0.0008123553,1.5555555556
,,
,,
,,
,,
,,
,,
,,
,,
,,
,,
72.0,0.0020633198,18.6666666667
,,
,,
,,
,,
,,
,,
,,
,,
,,
,,
74.0,0.0114267458,4.2222222222
,,
,,
,,
,,
,,
,,
,,
,,
,,
,,
