{"std.pitch":{"0":67,"1":75,"2":82,"3":63,"4":60,"5":72,"6":75,"7":82,"8":72,"9":75,"10":79,"11":72,"12":79,"13":75,"14":72,"15":75,"16":82,"17":72,"18":75,"19":82,"20":72,"21":79,"22":75,"23":72,"24":79,"25":75,"26":72,"27":82,"28":56,"29":75,"30":60,"31":63,"32":72,"33":82,"34":75,"35":72,"36":75,"37":79,"38":72,"39":79,"40":75,"41":72,"42":82,"43":75,"44":84,"45":79,"46":72,"47":75,"48":72,"49":68,"50":56,"51":60,"52":53,"53":67,"54":68,"55":67,"56":68,"57":79,"58":67,"59":68,"60":56,"61":53,"62":60,"63":75,"64":67,"65":68,"66":60,"67":75,"68":56,"69":53,"70":55,"71":74,"72":67,"73":62,"74":72,"75":74,"76":60,"77":72,"78":74,"79":72,"80":74,"81":75,"82":67,"83":63,"84":60,"85":75,"86":63,"87":60,"88":67,"89":77,"90":58,"91":65,"92":62,"93":77,"94":58,"95":65,"96":62},"d_var":{"0":0.006849566,"1":0.0001863715,"2":0.0010299479,"3":0.0107111979,"4":0.0116404514,"5":0.0004117188,"6":0.0000892361,"7":0.0009780382,"8":0.0008764757,"9":0.0001137153,"10":0.0001646701,"11":0.0005099826,"12":0.0001694444,"13":0.000244184,"14":0.0004893229,"15":0.0004768229,"16":0.0003097222,"17":0.000962066,"18":0.0001310764,"19":0.0000648437,"20":0.0000670139,"21":0.0002948785,"22":0.0001478299,"23":0.0000769965,"24":0.0000592882,"25":0.0017992187,"26":0.0005041667,"27":0.0001170139,"28":0.1538903646,"29":0.0002676215,"30":0.1427676215,"31":0.1363626736,"32":0.0002684028,"33":0.0000928819,"34":0.0002317708,"35":0.000819184,"36":0.0003240451,"37":0.0000158854,"38":0.0007326389,"39":0.0001599826,"40":0.002912934,"41":0.0492172743,"42":0.0003036458,"43":0.0041959201,"44":0.0034493924,"45":0.0013777778,"46":0.0007498264,"47":0.0000831597,"48":0.0006329861,"49":0.0004047743,"50":0.0003404514,"51":0.0025934896,"52":0.0012514757,"53":0.0013134766,"54":0.0032615451,"55":0.0001842882,"56":0.003287934,"57":0.0005694444,"58":0.0124033854,"59":0.0014259549,"60":0.0001086806,"61":0.0005915799,"62":0.0030342882,"63":0.0014524306,"64":0.0022215278,"65":0.0046426215,"66":0.0032255208,"67":0.0025474826,"68":0.0090926215,"69":0.0060842014,"70":0.0021608507,"71":0.0002508545,"72":0.0008657118,"73":0.0243644097,"74":0.0001524523,"75":0.021633941,"76":0.0184676215,"77":0.0003478299,"78":0.0007572049,"79":0.0000392361,"80":0.0019898437,"81":0.0029179687,"82":0.0048375,"83":0.0001766493,"84":0.0030892361,"85":0.0021230903,"86":0.0004325521,"87":0.0050991319,"88":0.0034607639,"89":0.0009905478,"90":0.0032535807,"91":0.0020436632,"92":0.0016999132,"93":0.0384455729,"94":0.0183279514,"95":0.011931684,"96":0.0106582465},"v_var":{"0":94.16,"1":117.84,"2":62.24,"3":24.4,"4":92.4,"5":19.76,"6":10.16,"7":2.8,"8":92.0,"9":4.16,"10":14.56,"11":38.0,"12":14.64,"13":9.36,"14":54.96,"15":4.64,"16":3.2,"17":45.04,"18":5.84,"19":0.96,"20":30.64,"21":28.0,"22":5.44,"23":18.96,"24":2.56,"25":16.4,"26":22.96,"27":12.16,"28":15.04,"29":66.0,"30":21.44,"31":26.96,"32":6.4,"33":19.04,"34":10.24,"35":5.44,"36":20.16,"37":12.56,"38":66.96,"39":3.44,"40":37.76,"41":91.36,"42":1.36,"43":36.56,"44":36.56,"45":21.04,"46":83.6,"47":53.84,"48":46.64,"49":11.44,"50":16.16,"51":35.36,"52":10.24,"53":23.6875,"54":45.84,"55":10.96,"56":10.56,"57":9.76,"58":14.0,"59":66.16,"60":26.96,"61":15.76,"62":25.76,"63":103.76,"64":53.04,"65":40.8,"66":49.84,"67":78.8,"68":42.16,"69":28.96,"70":19.84,"71":13.6875,"72":41.84,"73":25.04,"74":39.6875,"75":32.24,"76":11.04,"77":36.56,"78":85.76,"79":15.6,"80":2.8,"81":9.84,"82":45.76,"83":13.76,"84":55.44,"85":9.84,"86":11.36,"87":51.44,"88":14.4,"89":32.8888888889,"90":93.5,"91":44.24,"92":25.84,"93":24.24,"94":4.96,"95":17.84,"96":8.64}}