{"std.pitch":{"0":74,"1":55,"2":54,"3":74,"4":50,"5":74,"6":55,"7":71,"8":69,"9":50,"10":71,"11":67,"12":43,"13":69,"14":55,"15":74,"16":54,"17":52,"18":54,"19":72,"20":50,"21":71,"22":55,"23":43,"24":50,"25":69,"26":48,"27":74,"28":47,"29":72,"30":71,"31":69,"32":67,"33":48,"34":76,"35":72,"36":71,"37":69,"38":67,"39":66,"40":50,"41":64,"42":62,"43":66,"44":43,"45":67},"d_var":{"0":0.0000670139,"1":0.0003803819,"2":0.0000280382,"3":0.000212066,"4":0.0003298611,"5":0.0000794271,"6":0.0000488715,"7":0.000240191,"8":0.0014642361,"9":0.0006789931,"10":0.0312171875,"11":0.0002400174,"12":0.0006775174,"13":0.0001508681,"14":0.0002256944,"15":0.0002326389,"16":0.0000965278,"17":0.0000565972,"18":0.0001850694,"19":0.0077462674,"20":0.0000427951,"21":0.0097391493,"22":0.0005943576,"23":0.0000779514,"24":0.0001743056,"25":0.0004186632,"26":0.0000679687,"27":0.0009585938,"28":0.002162066,"29":0.0002446181,"30":0.0004513889,"31":0.0001347222,"32":0.0001547743,"33":0.1248618055,"34":0.000884375,"35":0.0001256076,"36":0.0001137153,"37":0.0032407118,"38":0.0134703125,"39":0.0005224609,"40":0.0012955729,"41":0.000821441,"42":0.0004190972,"43":0.0006591146,"44":0.0410857639,"45":0.0341703125},"v_var":{"0":2.16,"1":4.24,"2":1.84,"3":9.04,"4":1.44,"5":4.96,"6":11.44,"7":4.96,"8":1.04,"9":9.6,"10":1.76,"11":19.76,"12":1.76,"13":4.96,"14":7.04,"15":5.2,"16":4.0,"17":2.96,"18":5.6,"19":7.36,"20":2.8,"21":3.6,"22":15.04,"23":26.0,"24":6.0,"25":5.6,"26":0.56,"27":4.24,"28":1.2,"29":4.96,"30":2.96,"31":2.8,"32":2.16,"33":17.44,"34":6.96,"35":3.76,"36":14.16,"37":40.24,"38":28.24,"39":9.5,"40":12.16,"41":26.16,"42":5.6,"43":4.4,"44":3.04,"45":6.96}}