{"std.pitch":{"0":62,"1":63,"2":64,"3":72,"4":64,"5":72,"6":64,"7":72,"8":72,"9":74,"10":75,"11":76,"12":72,"13":74,"14":76,"15":71,"16":74,"17":72,"18":62,"19":63,"20":64,"21":72,"22":64,"23":72,"24":64,"25":72,"26":69,"27":67,"28":66,"29":69,"30":72,"31":76,"32":74,"33":72,"34":69,"35":74},"d_var":{"0":0.0031336806,"1":0.0080758102,"2":0.0033682967,"3":0.0018766879,"4":0.0001825328,"5":0.0001970004,"6":0.000026765,"7":0.0008123553,"8":0.0020633198,"9":0.0114267458,"10":0.0004993731,"11":0.0012856867,"12":0.000078125,"13":0.0001839796,"14":0.0002469136,"15":0.0000653453,"16":0.0032496624,"17":0.001196711,"18":0.0003431231,"19":0.0000733025,"20":0.0004805652,"21":0.001322338,"22":0.0004253472,"23":0.0004101563,"24":0.000169512,"25":0.0000725791,"26":0.004312066,"27":0.000304784,"28":0.0004009934,"29":0.0005128762,"30":0.000384838,"31":0.0062299865,"32":0.0000161555,"33":0.0002654803,"34":0.0002548708,"35":0.0001873553},"v_var":{"0":4.6666666667,"1":9.5555555556,"2":0.8888888889,"3":2.6666666667,"4":4.2222222222,"5":6.8888888889,"6":44.2222222222,"7":1.5555555556,"8":18.6666666667,"9":4.2222222222,"10":9.5555555556,"11":4.6666666667,"12":0.8888888889,"13":8.2222222222,"14":17.5555555556,"15":0.2222222222,"16":10.8888888889,"17":6.8888888889,"18":10.8888888889,"19":3.5555555556,"20":52.6666666667,"21":11.5555555556,"22":8.2222222222,"23":2.8888888889,"24":2.6666666667,"25":4.2222222222,"26":17.5555555556,"27":1.5555555556,"28":0.2222222222,"29":4.2222222222,"30":0.8888888889,"31":12.6666666667,"32":20.2222222222,"33":2.6666666667,"34":2.8888888889,"35":17.5555555556}}